Wallet_ID,Label
0x2bdb3bfb1a483aa0ab4335811831c0d6e5fe087b,0
0x7122c21b09ceb2b803bba74184a49363fdf900ba,0
0x7787c3c90987d54021dc7de1229392fa4a060a25,0
0xb07b552c01ca28b41edf96e3a172ab65adfe18e5,0
0x71beb7da9905eb1d7dde060c70030f88e986a459,0
0x5ba63b94787c54736bc1699a615e8fbef43a9b29,0
0x98eaeabc37e456cc32eb4cab260c6fe05648884f,0
0x92acf2e7a0082f9653ab0eca2610b6187177af2e,0
0x0b715ead04e7559f813f4453788813f496895c31,0
0x0ce7fcff1bc48aac80895de5176b667f504437ca,1
0x166b67331d5fb8e8904f648e79e125f1fd862631,0
0x45c22c297a77b3bd51a2ede0f3b96066f1892956,0
0x145f3db05ad2719182c0d1fa3d09bf79e19d3be2,0
0x5e768d47960aa289e9da242464bd3a92e408267e,0
0xd562694a3dbe43afdadf0de1af59019289ee18f8,0
0x209f030ae3911ff4262f0e24b6a057099f5cac78,0
0x4af316ac30d9792004ea9292087d51a20dff57eb,0
0xc59c1611d4ee13cbc2b9dfc24c4ff1b3bc919382,1
0x08dc8371172c182eaf0d419cb918560e2caf73cc,0
0x904425daa96dca49b28b7e157cb47eba309d7021,1
0x00e432b7c0816537f9f82cbe0e7a9d365c290bb0,0
0x1f1770e8606b5a1df2d3a32517d95562c78e93c7,0
0x4cebbbb1cd777e4cfee17e16e65468a946754799,0
0x7d68d7b05b225f9b92ffb440f978ace8d0c5ed39,0
0x37ed98fd19ae94a3f461123203541d454f15b044,0
0x3c8fdfa453de92b9f8e868138f1ed1f189353352,1
0xabbe2beedd7a66df9c5c78f0f77d456e2cca05c0,1
0x5db69a576ba1c0f12939ea0796729b6006365474,1
0xf67cbabf4890e7275627933fb9340f96dc3b32f6,0
0x21e005d11049ae90e3c2dacc333dc46a8d0813ba,0
0x986630c8e2a6c892a20cfec4db2f155500bb06a3,0
0x23bd0b885238db1a17d67b86ab4ce7548d1d3504,0
0x465db2941ca770ac4efb84f7868e94d2a9d3dc31,0
0xc30b0e6a0a15c339a7d9d8c1f0d18b1b9f49bced,0
0x8af66cae9c5778e2e44e7a0d5284cee853ba70d4,0
0xcebb0aca79933002e62e1eaf25daf806b6a4a148,0
0xd140a627c0b06a597c23602e7c7e4fde32f3526e,0
0x37f83e514cea381e9d336c5ec8cfdbe3a00ea65d,0
0x9eebcf162c9e23e81e8e8f6c7ab47a2e337aa11d,0
0xc67bc9f780b0ada3c64728c7d2e55d1121810126,1
0x716bcfcd89914cb45680513110a2f1bf92214afe,0
0x79d6c429634edeef5584cb370310be7210c12b4d,0
0xaeeca00b13bdb8db89dc1b3061b03b453d8b1e72,0
0x48a661a8e04eb5e058a24385e53ff5ef9f8b44d8,0
0xfdec62e7b396cb83ad45fe480ddc02a805bdf0ab,0
0x1deccee6ec5112cbfb7336f90eb02f113366eb12,0
0x0ecec3b8093620963c68eec5b9b3953d617300ee,0
0xb1cebb2e7c9a9c0dae4c0bed5a80a352d30069bb,0
0x69d9fcebb20e6bcf19ff45dac9318f5d20a69030,0
0xd3df29e3eaabcb30b88034895078be323e6fe81a,0
0x2b391783adb6a5b847a7a9d83080c8e6c6a1012b,0
0x0be39ef183b90701de068c05acd380cbf84a6d61,0
0x87040482374e6cb337d92ee582665a3845cb778c,0
0xe8ccf92d18d86407ea1872364d358e56fad3a85b,0
0xc41d322dc285eba32c706c58ee2fe315fcd159a6,0
0x7d5e075cd548730cdfdccd5ec30821357cbc06bd,0
0xca316d93edc10b6df6d6e76e5ead87118aaf7b66,0
0x80cb3d1ef1626c62cc243f48b021b36419a628ad,0
0xa63374ca7ae749ee3019d39284b89c88faa12be9,0
0x55a9433432f85a055580bce3fa1ff92cf6ada367,0
0x17bf8281851a452f2fb79830c15eeec4b41ad0a6,0
0x15cd78413f59b8f9e493e3dcc0c34eae74f599dd,0
0xe97219c488e018835696a7420128443f4b97afb2,0
0x93d1142629175680366f75eb97dab5f61331a2c6,0
0x5dd596ba0f646671dbb4d9f06728f175a5435512,0
0x3001a02b4fde1ac86fba5c431d69d0b365f4ab37,0
0x92048e50b5e702020f0a6cc30dea81d75f6fcadf,0
0xf2bd45ab1b37b701a0423448d87c9e1038e42533,0
0x76b8d470b49880aa5b31a7371b0b8fc23b42ba22,0
0x146fbff9603e90e48975e28c25fcebb117fb5c11,0
0x3f1f5bf45d7193c21e698e2e621ffb1baf797560,1
0x56baae5fa0eae52929e959c49d478be35c9129dd,0
0x4c4851566bd50a7cbea4e91336854c2aef7bec4d,0
0x9f922e8e5e95d2756c14cc70610b1600696908e1,0
0xdffeff31e615cba0daed7857f66b0ca69edd074f,0
0x2a82f4323c90d5ca7f29d8eb10c5a99a961bae6c,0
0x2862353a65116d3216181493a5e4663126e3eaad,0
0x4c082551525c0f53ce81b08a2421c9868978b28e,0
0x91cd0a8164cce8977f836cfb6d8d138b90e96ae4,0
0xfed7bdf79e2b0f9abe1af309c693d87c5c76f6cc,0
0x6858cd83192711a7c9a439db8867bb691fff95c5,0
0xafc811a26a1607df943f53273edbcbd6522f34a1,0
0xfd247e5a1e34cea75bd10f7a6f1b08d20f015622,0
0xc3cf4e049f7dfd8f3bce928944bc77afa7ada5b5,0
0xe67f2efc6cb1163ee2f2c059fb379203d2dbec84,0
0xc08af37a00815e3c3a3a4b4ee9d12b6e0f59c26a,1
0x0b8b382fc60d6a2db1d31f127b01b3b08133c553,0
0xb609e467b683dc502532c348d61e44ce69da67c7,0
0x833cc051c444d9e3a4cb81e30d4951f7ced57607,0
0x54793f97001ef6fd394f71dd4f1efc28a974584f,1
0x2051b3f7785ed1253e7afe1c43e89115a9bbdf70,0
0x5d2a22f7c5d39e373842542fc7d6346f673eb6ba,0
0x09c8acd2e1fb980a7c9d5644578e2454e6c12fd1,0
0x7c9cc90fa280bca6575c92de88181a373f1f1650,0
0xf57d9b6da9dcfa369cee098a07a9952d4d012e56,0
0x018ce9b1046bbe1ed88869b13099a3d913e240d1,0
0x73812ab6fe7fd1b18cf28ffcea139d4b219a9b9a,0
0xf953e315f4fae1d2c16180eb638ff09b7218ddba,0
0x8868ad246acab50dde1aecc27ca7e774f775f47e,0
0x93617dc9935496c15b837d408b0fc0f5df6d7179,0
0xb14bed19c7996552e8613ef82c8c6bdaf0fec820,0
0x54932b923e4e31674da91a162b5f59e728f92e6a,1
0xa3914452c06bde6b2a9f3223d53094f33992cd7a,0
0x3da81757707c660c2bec7beafef26d14461d42e3,0
0xf674e312e0d946acae03a0deeb8163760e580d13,0
0x1936930a74f5056cbbf9a71ebfdf138962c7660e,0
0x11f2b7822ecf14f3741fdf626af17478e9082abe,0
0x67247eaa57215e8369bfa955384b369edcda482b,0
0xf8a63bda792d10a8b9b681c3091ab056c8aae018,0
0x454ec960f357604fe2e8967992781bd50e8352a3,0
0x0865d808bf928b8d2f0bb515eede4131a3e9272d,0
0xbd8b6c97f61694dce7bcc5a2c93892ac082210bc,0
0x42bf4e74e7e7be941b3c0f13bfc6c4e18a933d26,0
0xa77158e575fb655a1480813ad95b95eb84fd3a01,0
0x0e5cf82014b5c3c204f8e8e178c49dcb8ce23ed1,0
0x5bdcdd8062d39fb311741085de8525e72f92be00,0
0x7ba3e2a60f959968a41e745abfd4d9b31dabe1f3,0
0x4f1cd1950935f85648984fcfbf0b4a1a9f3809c9,0
0x139ee6e49821b7173659d6d90c5184730ad15a09,0
0x8bf3abfd8fd384cf3c00e59672d14381eedbc195,0
0x859b777c40148a22211006c5bdb1b964488fec06,0
0x713d0fead058305b175adbc4150a281c008b2e9f,0
0x5f549c973f1174639747866e85423eb4b9b1f10f,0
0x35e73a25ac1a08a130cedfecb0a8291f162b2134,0
0x70d603732253a76af6bc22818e95dbc72f9e008e,0
0x69a258c022706bf45425ab9b91e35ba37da3cb9f,0
0xbf38c686c24c2ad2117384fefb31a38aa7120fd8,0
0x3f3aaf55b57fb859e228e6ba39d3160bdf48c42e,0
0x165aca58f03574378dc2b3247ad47092ede109c9,0
0x3108401d07fc8f38d091a5a413140ed601a96862,0
0x6222fd8a64549fed6d819dad4ca34a9974cc03ff,0
0x6c590b768290567da9ef1c8d60a01eca66b9d9df,0
0x0342a318e48b99cfeb5ea0d51aa452e4e2fe4a2d,0
0xdab7232f9bb170da11a447b54d948f6ce155a7d8,1
0xbf81b4754b268484f68becae80581f91b9bac856,0
0xb6545fdac550598b0adbe4faf726df54b28ee234,0
0x138cef476e6ad152666c6433cfbb3a4b1911ecab,0
0x5db5cbefc4d14fca8e09353eebedd82284a2fc8a,0
0x8cd6abce0ab194aadb4376136525e92c50b417a9,0
0xea38b1b59164fe81e6cccee4336881f32f1113f3,0
0xeef33ba89a63699f32e84746d8a10a96ded61920,1
0x9a8419fb107836031d33947a3e49ec1b513fca6b,0
0x64ae36cd098555904aec7ce88160e503c430be04,0
0x6539ef8f49ba7b4ced847db37b49e42013e3964a,0
0xda3eb28783dcc44fe0d1f3759dbc5325844ae928,1
0x761316b9670562aeedd68e467e44766028b9a3c4,0
0x8da80efdd66225e427697472ebac6134fa327c14,0
0xcf85164b6cbd4534b7aa440ac32fc5ca44c46ba1,0
0xc8df573f74c96aa8a9464a0984c3d00fda32f593,0
0xab4e1b65e8e1e253206b395cd38032940f07f983,0
0x1151b0bf28534968be3e7f85c7dcc638b91da7bb,0
0x4cc5ef7561cec6db7d1c0b45e988aba520f95cd3,0
0xd4ff4784204ca675ec77f9aa0a892951ef62baab,0
0xd2a81b48e2c87e24eab5bf99bebe63d1a077b5d4,1
0xb881f9f56bdf7fdf23a7c3096259de1c53eaa09c,1
0xd13b6a4f4ffb7f5a3dc5c8a216d01d91af1630e5,0
0xf102e4a6fe65fc445c9a9a080b8cfc517c90f850,0
0x70e031efe6ea618a5dc2d08c0ff883c2a4f859b0,0
0x1367de12a4715c181b9bf32f3e56bf9c422bf63f,0
0xde69b124987b78632506ac13038522b6128966f0,0
0x4bf43d443d7f0177693201499aa9717e0d5d8b07,1
0xbbb4239ff15ad044cb1688f8f1d0eeb394ad2dba,0
0xec25e7bca9946e471593e2f0c531f39be2da4ec4,0
0xdd0ad66f94076591ba3f388cbcd8e4749a1ab515,0
0xc9725c6aa2473777602cbb72e20727a46ae3e969,0
0x941f3308c2d59ad1badef0110e5f7d3115f16dce,1
0x80188c9305cf9b3a9db1619005f8f53b5daf2f87,0
0xce18a364ab7fdf66bed33976f24643560662827e,0
0x12e3b4be61c187846be2a913f7662904090884d7,0
0x48f8b7726e1831d2c0a6d6a5e6d7c7e78d7c49f1,0
0xde2c426b7e571bd0ac45e1776d92464f767cf77f,0
0x47bf51c152b932cb99df2fd5744e65d38671e035,0
0x686a914cd37046e9f1db035ec90f13ae796ad57a,1
0x5052bddd46e4c30291b0456638dbd450ad0654c7,0
0x6f4142cf176beb3def5432c8c005f9f2aa9f9392,0
0x41cde4042ba79ef02ede794910d6e3161f7434e2,0
0x3d3d533dfc6339e3bb99913ea00c7eca3552ca76,0
0x3a864c37c1b7bbdf1111886ec7ce54b9b048eab7,0
0xbb72052db3be186ff5cb39a5019a4a548ad21c2e,0
0x185918095476190ac118d079fe772b2fad7ae51e,0
0x44193d7d28362143c3af144305f6a82bf72026eb,1
0xd6679263d84079db411a9c55dae9bac22bbf806d,0
0xeb1feb5a35913f9365bc2fef039d78216d2475b0,0
0x8da5b7dcf0c8a7d2cbefacd67a71ed916274a0b5,0
0x97666d252dab54b7040fbec42a76aff9152958df,0
0x55487418c3bd804472f4f5bba22bc593ecbe836a,0
0x0d928a7a57a952ecf5554c8695bf4f5c06b2d11d,0
0x04c6428be3bc85c6049b7a5d1f7612fde054254d,1
0xa14cc8bc42ed1c00b06d377e897bbd15827ce6c9,0
0x2101cf7e89ecee5f93f4c28735f7546385cbf540,0
0xd8a6eb4fcf83328d00f36e22c5935e77388d531f,0
0x59f57b6865f74d7b0a7ee67c987297fa05d7b7fe,0
0xcf2c7c2c78d8c236c947a7cbdcbcc5de4f72a49c,0
0x7ae59e48fd3a4951bbf1eca987a926f332bc23ff,0
0x6c2f21ef84ac462c9f4531e3fc320c7416cedd0b,0
0x65edbc1cebbd1be657e78500e2b30f05c0012c0f,0
0x6267b89f85f44d333d9fc49e0f0f0ab0e9248973,1
0xa862903b517bf7a1c95c01e43007473f286a6bbe,0
0xc995951e3e196a0847465cde9074585583106f1a,1
0x13a9aee09e7be864d3d35eff26b1f16fc13b0e4b,0
0x03f73ac59c29fe67d6b02b007adb816394ff69bd,0
0x6271d89ca18ed57eff9dcad47e776fcec6e539e9,0
0x1739289608c69deecec0766889e36ce5f08dd734,1
0x8d65dbd5f1f1d8bc983da144457fcb7cc043b1cb,0
0x5a3ca9361aecd939c7fde2c96a3e4f9d392b0f4e,0
0x5fcfa17cb6604909bd43d9bcc07026115917214c,1
0x20b141ed23b1f72403a796636adfe114eac53a7b,0
0xf4ee92dd7482b0f1b341df2047051a1dcdc50cc7,1
0xd57cdeebc9156d047333d52af616fd7d617dc293,0
0x987612d53d17ab779027cc287cb9e1590198f433,0
0xc6948e8349b24151e564c9ce42c4f5648aba1112,0
0xe7178c9496934dd6214e4e44cae44b2bc378e48f,0
0x4c9501206c0e2fabdea92b04f161fff8fe572368,0
0xff7d453659c01c15de9b30f59de3370e121ca220,0
0xcf07f2beee21d1b753037863683c4152343f8b7b,0
0xbaf004be539c247e66fcb2fa6446a7ab04d70fc6,0
0xf5f522c74f3c30face45333ad8eb5e673988ec67,0
0x442cead775ab202c65270bb4bb518f0c648338f6,1
0x3667dba914edc54ae9ff663c85639dcc9c4c24e0,0
0x79aef853e962a90f670a3e3c75f83a79a7c1295d,0
0x3ac118d624b47de47a823f5e6e8e21fa536b17bb,0
0x3398d14d2169248b43121aa705d8b6a24431fac6,0
0xa013b449610e495df671d64340e2077cee5006ff,0
0xa9a8cf93a7e4bc3d88f50d55846a45cfe5402080,0
0xf5edc7fe957452236b5965c8608b976e0a8908c0,0
0xeb539ba25b8dfb69f8d2651468895b813418cf1d,0
0x2cfca172a462f273449b0590696e1b2d0dde6611,0
0x4db1940bae4d1d6172b4924f17d3195ffa370dbf,0
0x94c6c24e11d04184819ad81802dd63952eac1680,1
0xdc3da0e08d685d8e024f066d90512c5c706ae313,0
0xaaad1e739c040ae26b6a36d66db0517be2ae1870,0
0x80b6b199a1625d5bb15e62ce8a13ffe179f011b3,0
0xff8a3400a2ca2b1af9eb51528eb79b46e7051ccf,0
0x3dfb2125abedc91a9d56b137456b57f6d871475e,0
0x470ed84399c660fa10e0599cb0adc690b2ab7e40,0
0xdcaca076f242a52110d65995f7f70aabf5eeb952,0
0x7182504d3d8ee8de1883ae91f23831eed99deb88,0
0x7c6dbbdc558d28dad2bb6f6b4649469df76a9cc8,0
0x510ed173c85cdacd9c9f380998fc5f2fe52a5ab6,0
0x49977bd8992e21e131d4d87452e654e4412790f9,0
0x5bb45a692c6b088f1b4252f51364e3a66cc3921d,0
0x3b1886d68c1dc96c138566ef1096d17c7f33154e,0
0x7dfa628803101a8e855a64a2203b239142bf3d9d,0
0x5864607aab9dd4dc2dbf2b61ada7c374d7f00550,0
0x5dbc60bb9c6b4cff14181301ea767d0f4182ff82,0
0x7909ebb721d32f41ce94b3b82eaa5d29ba2412a6,0
0x65c0760d2bb97f3261225f2fbc78327d6df94fd2,0
0xa74d6dda7a947c98d7e8d6a5c63c1440e14c197e,0
0xf51b5c9282bcbefe4f900989a6080135c7540806,0
0xd50dec8f34361a9b00489c401d0e43f84926dd39,0
0x974e579589e07b0b82b0cd80c74640d159565ec6,0
0xc4716ab3579dbb5df74c51157843e262704725ed,0
0xd8778542d07726d4c4f3a32a4edf1bb48141ecd5,0
0x9518bd90b4f0703e0c5d370447d917ae1cd55534,0
0xd83fb8d5ad7e0220adb97d92972a065cac4770a8,0
0x3a49472db3ebd7ecf338db6306b7d0fe7f72e19c,0
0xed22f57cbe6db95acd65fb0b84c0263663b8612e,0
0x5259cc0bc510aad998d7b42e8731945fb5a54cc8,0
0x0b48a2b1fda19c6e59948064a0eaf580bf56a7bf,0
0x3f6ef1d326441d1d3ecdfa04248ea3ad83df1d7d,0
0x043d50f999d9cfafc4181ba67caff6c647ce9421,0
0x1fdf3c1d6551fc4d3138162e25745c2f3f124423,0
0xf3b7a9b3bfdef05db58712389c288cdde10c8830,1
0xa696f3604ccfa3e5a76103aecef619da58976258,0
0xc91530b7e9b5b62e101a9d66e70bc97ea0442901,0
0xd151422435ec0777b8ed6403813821af5e1ffa80,0
0xbf7c51e7e7058d2dd3952e00b29b2a0917064407,0
0x70652d3305a542aa4a4eebf072262ce666ea578b,1
0x4c86c2ed82b1d071aaddfae713818ea57e534a5e,0
0x17bcfc5de5a9ea39cec90e55d42cc36360508c33,0
0x4fdbb96a33ffa5e6684654f43a59781a6e4e2dc4,0
0x5f538fe0b3a4f078e998ded054e81a556f0dd93b,0
0x1b5033637291f1d8a4ced9850f56bc959827d3c5,0
0xdb6a94426693907846ec569b48a270b92f803c7d,0
0x3577d3a779bc35ca52dcd77cb0dcc116755ef60e,0
0xf98014c52b378c7b49a7790838cefa69c9f86a57,0
0xbdf3cdd51c3a9ee1bf6cc42bc3fca884e5a6e6a2,0
0xd5d5440aea3388939489bfb2772b85736d4aa790,0
0x91a8ab66a5bf07bed4542ec3c89029ad584a35c6,0
0x52774561af6ef4af510bc84fe8ef09d0e44defde,1
0xf29ba36125847951b89da612001056aa2d36ae48,0
0xc2ca7416a2e87d3865f7693f4bd67b4402f1cc7d,0
0x4a1c93bdf387197aacce18bfe6f42eec353845e7,0
0x3002a88f80439b5da3d709b1009697b8bf08c6b9,0
0x5d71a018055748cafcefef4c1baff3d99fcf99f3,0
0xf2714b6e5eea5acad430bdaf10a438b390a32824,0
0xc50495d1bc6eadf7d76059a4fc631c5c9de92dbc,0
0x8c1fbf62de17b13a0db062b69daa15a7deec4e55,0
0x78681890eafc915763b8fe739d65c8163b72426c,0
0xd2af86d7e5da8cffbd96c776d10c800332e7f8cc,0
0x94cd53d4ff63caae313ac373deb4cd05e965e6bc,0
0x73d55df43a30818bbe07208012a859edf7179a50,0
0x8f838f03b7b5baaa20fcbbe2cf18092dc205e3fc,1
0xf4e6e260a6abb030dce4543225c19e5ebf84b549,0
0xb2ddfced1968fae06ef3be9916254dc4e3edb2e0,0
0x2b5b9d8f097beabbf53224322b1a15238faac768,0
0x4dc6a4d48b1f49468567a1d854450f39d4fb0f1a,0
0xde349d0789ee3df8109131cea0343f98804d49ac,1
0x21eaa9e3aab3ae9df4c379bdb07e9ce38895cf2c,0
0x1cb16bf607f66331f5febfc0f6ab3378ca3104ec,0
0x2522a6422166d1277d2121d247f1699af99b4a2e,0
0xaf879c6688c6b0b9c2aa551a168895bd4a0c7241,0
0x0bec11e1374dc0d87e1c9b5ce3abfd65f516352d,0
0x8a2193c683dc288d0282ee32adfe3f471e1f5fb8,0
0x4dccd60f45d21e7fc19355fbf48c053fcebdd07b,0
0x9e7722f00b2c924e70a67e587fd78bf52f0ed1d7,0
0x731a7aaa579367172b3f5b35df0f5f7649595034,0
0x27bfa0fd12659ebba9aa76de7a6a8708a90593e8,0
0xe61a42f225d417c63e13abf8488359c5b4c0b761,0
0xab1695d1c0cb0bdf43653cbe140a64f27ff9f3f0,0
0x2d3e2aaf9627ee4901ac59c1f15d562ea3e4486c,0
0xd5f06cc2c982d6aa0d9f5383b4c622b27e3f73c9,1
0xe0bb2c5fc313fd2d6ec1a6b2fc6b71dab35ae002,0
0x96a8181757fb2366307e5d39104941f0e044c85d,0
0xbc2097dbe1b6d923dd4c7c13b0073908f6376f61,0
0x855577eeafbc368e9a6e37a8b41d271e2b9bd9a6,0
0xfd868741661c889df6b1b931b3b32f0153e30fea,0
0x22cde1ca1ee6f8d91b37a5d3b908f908c395542b,0
0xf741baa48223a355cf7a8fab3de36846e96d847f,0
0x8034fb2075b3cb3ed63e992e9c7eefaee50938b9,0
0x10aaf3eb61bb649113ec181e4a7b1ad1ae9d65d7,0
0xfed2bcfe227cac1dc585f216e0b72b14fb7ff842,0
0x10006452ea2b5b14cba7b2a0e54de7ce2e5cda20,0
0x558e6c8ead171c8cde7c125fd814806469b23720,0
0x869e514771c8809a2e73aa68a84065e0ae18557d,0
0x434bc6a190dea7cefd624430a14112f9fdab4c2d,0
0x9a285fa3848b195311b9da4da038d228ea606eba,0
0x23ce5198fe87b87eaabdf4529de8df42bf52559c,0
0x9510c933d5fcded6f542863ce1f60cde46efe23b,0
0xb7d9f2dcbe9f6c6c8989b15826e2b67ce83eeff4,0
0x2203f429644748663c1268c3cd8cc8c89b80e6a9,0
0x515e0b306583892a57bf41007a4b9e76cae340d4,0
0x17cc8fd68de08ceac10f5110a3ba3f53c364a53b,0
0x7e3e1593a68ef10be34d1a3e3558b57690a8cd23,0
0x8c98b73f49beabab0c206484c74b76acfd69b1bd,0
0x9f1f3788fcaeb9f0af634d972e4c8f8d18f4509e,0
0xa2184ccc390b373db644cd131a1b1da9178fc446,0
0x8919102b48b3c6c1b5c03bf41f95a4dbbccd71b8,0
0x31123db09fb9d59a2d00605fd78e264411193532,1
0x3038d55331d60067fb583d6fe325124fab84c8cf,0
0x6d48fc63e490fc647ce160a68b5f9c53454afc48,0
0x9463da8f2922fe0e7e1fd48b3d38cfc524e234ba,0
0x9ddf2e0d2821407b319f15c7d6758bbbd7bb923f,0
0x7f9500389f5bf0057b067220d534d0f578caee5d,0
0x590ca1dff28a686853bdb70415160dccd7b73a4c,1
0x8356adbbd07ea55a5904a508a5bff580b0a74499,0
0x94b1434c8046c4debfa3932d8898dfb909e6fa83,0
0x1636e5d6f53cb321142b59c2b344f6217a7c92d9,0
0x003e9b449b167f3c24b3ea4bc7cffa504e5f836e,0
0xfe47e2614da3e08594e8bc72301621d36b4a7d8c,0
0x704665dddd2030a74e6463051d6e2a6881d87115,0
0x36ff24db39db043d5d09a6712cec7f9304abbf8c,0
0xfcfea31a9f025efba5a11553fc76b66b62f9c057,0
0x05e44181e3dd2458442dd48e73c3863fe4135383,0
0xbc0a033edf6a151e8d3651c61d52a8b2cceda84e,0
0x4e301a2bd00f3c7a73d18f07dd94f7692054ae90,0
0x7a37da343c89d5307b61d8ced6cb82b3f23efe22,0
0xf7508e6c3882f219454e4e469dfd46073103765d,0
0x09d11b94fde6a21b79cee26957a3e875d698ced7,0
0x7e5f9149fb309606668fc9b2430e8d6c0cdd80ef,0
0x479ff40a7fefb4e5d024d26b81c9cbd4fc41ce33,1
0x6f3ebcabc2bbc55d6ba8304e8bf20bd602c60f92,0
0x2b2616654a17e21efdd7e30b22aae231bcd0bee9,1
0x6260fb862edb49a5bebc7ab866a78a4093f6a454,0
0x764ba9b7a044af38dc97b4831de9ed0752bfdd5e,1
0x10a28e79f4c03bd38952f939aa36ff0caf132565,0
0x57502018c611b313363f6e2f5e48062cdd4f6131,0
0x3a926f2f105f46346b08a22f6b6207e83ca68b9b,0
0xc892a3d701675cb8a824e342a82c3175bf30d3cc,1
0xc1dc4047caaa30d02fdafa1e0cbb12219d6d6fe1,0
0x63e31cd55a793e6ba7d017d81af71bae24870e7a,0
0x87ebaadeb5ec345a8c34d39461b99e52bcc4544b,0
0x71cc94256add2426242d65de6a919def15c6367d,0
0x6f7f25f09f692e7378581a2e5b4559754612d8ef,0
0x26f67e40aa3185ff733e6dc502110a5a35c6efcd,0
0xcbc3b895bc88a776e6a519234a8b38baa5dda2c2,0
0x8a8c18139fa94f7354a72efb06505159408076b0,0
0xe81d0f1a8d23bc425e59c60969a8bd6791e2bc51,0
0xf6372eee7b534fc822e1aa7610429fbc92b5e50a,0
0xf84fdc219b591f5df23b8de64c4b4e5bf1bcf176,0
0x4f67bbfae434bdaa05e5e7b9d528196d43138156,0
0x94b1a32c2dedd9e77ae6d176f860c24e8cbe9068,0
0x20d86d80c0fd1de92e665f8f47ce5c938a4098f3,0
0x0963aef2d9b3e37dec0d238ee7bed33cc6f11f6c,0
0x8ed59337efa71899b3fc51945708aa098a6f63c4,0
0x20064656148f5fda7db3d0973e34a14c5b0cd7d8,0
0x555ca7c58ff3900d234bf4063e6e5299bf4a44f1,0
0xf609f05ca4096e467d66d95013c5c66cb5312c35,0
0x6cfc644c175e62d3f45b9b84f81b4845e87d3339,0
0x45ea19c3b99eb6d1f4e68a0ec9ef67e0e08456c5,0
0x3d67947b56378c95da1cceb0076549d4be95f3ce,0
0x1e3facdd73282a90a6319ab0b8beff2f46434b1a,0
0x43f5a009efe60b3709c33d2380df8917f8e79da6,0
0xb7b53f82db52109d2c2c227057ca7601d9851761,1
0xd553b32b4151a7106f1dd5429be66c6435a66cb6,0
0xef7f71f47440f796b52735095638c420abdad1e3,0
0x06a2e122ce61819a7554142520b9e931abd8b6ab,0
0x9a1ab86fb8c22c7c766b1f1bbef646b3a2178e35,0
0x83c8baeedee6b7a2f8be67024f9486c2b5ad544e,0
0x50e6b3e220b3e377fa6892da7b3159ef79ee6615,0
0x92b0b867307ca76a843061575fe6b77991219bd8,0
0x88dd68ee4cac5bbbf6c5e555bc999b22a2efcd18,0
0x9815d0997345012fe684262fe16063e6e2efb577,1
0x2b50833bff55feb97c2433c7a62c81fcd1e1945c,0
0x4d4b04a1e1ae30e3227482c6086591cd81eaca1d,0
0xa5fd82d748811d8ae09212447eaf07205a45cb83,0
0xc6f49930ab2ec290fe4e3c6813a29790d1839500,0
0x1c8fd17836f50998f41f6dfe652e009c5bfa5aa4,1
0x8ea189afa02de386a646e86f9471f4848d59bcb4,0
0x511478bf096eb917e2d6a1b9983c05738b547d52,0
0xe2174aac21850fef9da6be2d1b3033d6eac26a20,0
0xfadc71f2aaade2eb91ae19906aeff8b1935e453e,0
0x1d66ae305c9517a4f57665c09534755cc7a30f33,0
0x408947e5b0a16b1805447d4db897ad7955f97f4c,0
0x43b15f5cabfb69916f550fb1f1db222dda1bd78d,0
0x2a09597cf9fcde33bf67c57d3092be8615a6f2ea,0
0xcae1497a7f73711e3ff81402307962f91db3e3f1,0
0x1fe143e44871b4ccef73ea0a5b0c5fe56811bc41,0
0x9f5845a2631643e16df9882c6fa573349d483ba2,0
0x4cf4b78325022768f7ba6b73ba9419dc2835fe35,1
0x7fd6b7026895ef655f166565bdd84a55f842c2c4,0
0xab63a660444ba4c70a036ec75c60f16a18121baf,0
0x7451d094715c27cf55a5ed7e65e1bffa6c21a0f4,0
0xbb374f9a502bf1c00f80d1663b8fb94ce3bd8e12,0
0x7e314373496e45b3cf30a0a04b2b2c148e2ac007,0
0x6b30bce4411ce07c486c1ce9d4b21011cd6f1aae,0
0x5635b86526ef02524e648b4fa4f91a68ce5909a1,0
0xea58fc1e68e2c0c74b57347a355c232df6f8b41b,0
0xf139fb186b8bbf4fa20efc7a019bb5de68e83ca6,0
0xaa7feaa77f02635713208c44e4b3fcdef81e9d1f,1
0xe96399f8ec70e5e321fe553dcf06532d027dc3e7,0
0x2ad0f49aa41b7cf3ae483b8f20832d37675d6585,0
0xe0ba660e957203b0b0e4e0e2c804b4bbd67632f2,0
0xb05b3af8beb6cb8f38a79cb80fd3b8c4139aa8f9,1
0x9c5a048b9246032a445ee08816f642c78a127389,1
0x099c232eab6d5e15e12b9f5a2946e3a488cd00b5,0
0x07eb3f54d1d366a5a886934a45c617421f0517b9,0
0xbaeb43fe69c0c5cd087b1d101297ee19590a4280,0
0xa83a3fb79cf12e909a13abc17c0a2ae6695ddb0e,0
0xced8e75033b6db906de6a948f828d1d55a7dc502,0
0x9306ddf598d39d877e87caa37aee0d73ce950d37,0
0x83318586d034f0581fd5d1cd03e3c935c6d2fdbe,0
0x07141c633a3fc3d91d01fee9586824b212b81b2e,0
0x3c302de504b3889eb62f519877d29ad45f111727,0
0xcc9b7db0a936df4ce066dbe2c41d670dc396af4a,0
0xded435601df12f2db532f04e265e31d650c7adb4,0
0x9f14035594cea2e2a4d95f12baa769a2fb40cdcb,0
0xc7ee24fc294833bcc11c7546caee7664e9370dd4,0
0x4fd818310f6eb26eaf159c2e69bf94309d62cbe2,0
0x59780c8b1e4ae1032c47725a469e2294a0e35cd6,1
0x9ed93d04cac293c2c3dde39768327205bb57a3e9,0
0xdd678065aaf0d0fc5dd952d276479ac83dc577e2,0
0xb0f64b05b5932436046f5dd58f2b7629f566ccb6,1
0xdc2ecb69eea59080469b9cbb2df9aba3dcec5022,0
0x23f6ed83b61e24d20fded848735eb431e0a472e0,0
0xb1c1d957f7b212563878d9d5b26b86176ba8f409,0
0xd2804fd93edcbae585743b45955b2a63eacde24b,1
0x17863979dca1ea8826de7ba1c7099cc906f2030c,0
0xa6b9664a0febb9c455050028ed52b7552c6b84d4,0
0xbc68253868a9677c967f08968f22128738b2cc95,0
0x12062cf020dc9f880d1cf1f6ec4fa04ec14731c0,0
0x3246ab9e7a52daef2e4c25a6e603ccd3187fa778,1
0xcbed6b88a10297e1042e1077a5792c532581ec54,0
0xc8beae33a4f7d16dd9e299ef2e0987dbe168d9ca,1
0x8bc397d4341bc61223c06741fce946ffb4ceb49b,1
0xb980bf1e8ec9f299e16115080aed1af4b9c45c04,0
0xd3c1cc16d238ef3fbe5d7cd9e0a3edc768ba1673,0
0x2a9e3c17d30b18194c4e3211044024717fdb744f,0
0x956fadd25269457645bcd4bde5f9e397e138d7f8,0
0x26a72077492b9d593e99ea33a1d7beb379bede10,0
0x94670bf8ac0b78499675ecce8f470ae60e7f3b94,0
0x03abd00a9b86bcf33d9874f5a8301a180637c3b2,0
0xa4f2a169cd2d69decf52c52853add827e6296c89,0
0x578a339607ebb8c16b08a893d0adf978fb1b9004,0
0x2347ca71e536ef1bb0088bf202f993596876dc06,0
0xc7755a0d790c1e23a241f5ed0d5519c7d7c6ae80,0
0x115d295d2c5980843c1c3afeec6dceb4db545846,0
0x3da2e49245c0bac4d40a7f4abf06124e2b654afc,0
0x4ae1810b9a299455c9cc43dde58925be2d9a33d0,0
0xb54918a40b149c05b0d575c0a9d1babd54e24400,0
0x0bdf9cc5df6dfb92b85851534a690b829bc59678,1
0x7af7e70a42eb5dbe367d008b8901e14b13dd61c9,0
0xc896f0b6961fb44eb616e1b22129d4dcc68de002,0
0xbbf4c5bd17bbd3ae7b02e1f2c0c4fbbbdd87c297,0
0xdab399f97bf19a3e02b0a57c6f3caca477465a42,0
0x36f7ec91e340ae475d5aa2d8645e338096975382,1
0x4d298fbeac8c4507dc243cdf6ff14ce1dfb360c7,0
0xa697941988991f67c718e770e87b541c85edb7cc,0
0x400444baf5e1aab5692299ba8adcc78595aac1ac,0
0xf45f1c4fba3bbbb75cfe19a458a479cd0b8c364d,0
0xda66960a8f78ee6381778df87d0edb69c7482e5d,0
0x0a00ed049a877992f127a491dda2a6bef46f22c0,1
0xacc55321ee5980ba9507fcb95d1e8c8e8e293ae8,0
0xd9b9848c3f0ceb76d9b0cec954bd7c62747d6316,0
0xbdfcf958db80c9c50a79aa0bacb147fae2530080,0
0xf8af3f398ec476c5271ac97a98cf69a9179b601d,0
0xb3bb2277d058dd876a7440eabf9653dd995c728d,1
0x1abe88a7ab960c6f54351232654790ae4fa75cb3,0
0xcd640f19fc375e8d349f5a703038b9a89f82fc16,0
0xb43210ac2bee30f01491175ff4a414d677b438b4,0
