Source,Target,Amount,Timestamp,Token_Type
0x5bb45a692c6b088f1b4252f51364e3a66cc3921d,0x59780c8b1e4ae1032c47725a469e2294a0e35cd6,27.562239,2025-11-02 13:34:31.921873,ETH
0xcf07f2beee21d1b753037863683c4152343f8b7b,0xb43210ac2bee30f01491175ff4a414d677b438b4,27.7762,2025-11-02 18:16:16.921873,ETH
0xc896f0b6961fb44eb616e1b22129d4dcc68de002,0x59f57b6865f74d7b0a7ee67c987297fa05d7b7fe,29.385596,2025-11-02 22:23:21.921873,ETH
0xdc2ecb69eea59080469b9cbb2df9aba3dcec5022,0x07eb3f54d1d366a5a886934a45c617421f0517b9,12.115014,2025-11-03 01:45:58.921873,ETH
0xb3bb2277d058dd876a7440eabf9653dd995c728d,0xc50495d1bc6eadf7d76059a4fc631c5c9de92dbc,26.165314,2025-11-03 16:50:46.921873,ETH
0x0ecec3b8093620963c68eec5b9b3953d617300ee,0x6539ef8f49ba7b4ced847db37b49e42013e3964a,8.265997,2025-11-04 00:41:00.921873,ETH
0x0bdf9cc5df6dfb92b85851534a690b829bc59678,0x7fd6b7026895ef655f166565bdd84a55f842c2c4,46.199852,2025-11-04 05:55:47.921873,ETH
0x54793f97001ef6fd394f71dd4f1efc28a974584f,0x23f6ed83b61e24d20fded848735eb431e0a472e0,32.880969,2025-11-05 03:56:14.921873,ETH
0x26a72077492b9d593e99ea33a1d7beb379bede10,0xfed2bcfe227cac1dc585f216e0b72b14fb7ff842,39.901808,2025-11-05 07:58:25.921873,ETH
0x6b30bce4411ce07c486c1ce9d4b21011cd6f1aae,0x209f030ae3911ff4262f0e24b6a057099f5cac78,30.535333,2025-11-05 18:54:06.921873,ETH
0xeef33ba89a63699f32e84746d8a10a96ded61920,0x9510c933d5fcded6f542863ce1f60cde46efe23b,10.617074,2025-11-06 05:06:16.921873,ETH
0x3667dba914edc54ae9ff663c85639dcc9c4c24e0,0x4f1cd1950935f85648984fcfbf0b4a1a9f3809c9,27.397505,2025-11-06 08:28:45.921873,ETH
0x92048e50b5e702020f0a6cc30dea81d75f6fcadf,0x1b5033637291f1d8a4ced9850f56bc959827d3c5,39.330656,2025-11-06 15:20:04.921873,ETH
0x0ce7fcff1bc48aac80895de5176b667f504437ca,0x6267b89f85f44d333d9fc49e0f0f0ab0e9248973,10.282435,2025-11-07 00:56:36.921873,USDT
0x5dd596ba0f646671dbb4d9f06728f175a5435512,0xabbe2beedd7a66df9c5c78f0f77d456e2cca05c0,13.345284,2025-11-07 01:52:46.921873,ETH
0xcf85164b6cbd4534b7aa440ac32fc5ca44c46ba1,0x716bcfcd89914cb45680513110a2f1bf92214afe,10.855442,2025-11-07 21:29:43.921873,ETH
0xbc2097dbe1b6d923dd4c7c13b0073908f6376f61,0x9f5845a2631643e16df9882c6fa573349d483ba2,23.966587,2025-11-08 08:59:21.921873,ETH
0x833cc051c444d9e3a4cb81e30d4951f7ced57607,0xf8af3f398ec476c5271ac97a98cf69a9179b601d,35.015155,2025-11-08 10:11:06.921873,ETH
0x36f7ec91e340ae475d5aa2d8645e338096975382,0x434bc6a190dea7cefd624430a14112f9fdab4c2d,14.253832,2025-11-08 21:33:23.921873,USDT
0x0b8b382fc60d6a2db1d31f127b01b3b08133c553,0x9ddf2e0d2821407b319f15c7d6758bbbd7bb923f,9.722613,2025-11-08 22:37:42.921873,ETH
0x71beb7da9905eb1d7dde060c70030f88e986a459,0xf953e315f4fae1d2c16180eb638ff09b7218ddba,5.66756,2025-11-09 00:58:45.921873,ETH
0x3f6ef1d326441d1d3ecdfa04248ea3ad83df1d7d,0x9c5a048b9246032a445ee08816f642c78a127389,49.63946,2025-11-09 11:01:15.921873,ETH
0xd2af86d7e5da8cffbd96c776d10c800332e7f8cc,0x0963aef2d9b3e37dec0d238ee7bed33cc6f11f6c,20.549267,2025-11-09 19:17:13.921873,ETH
0x3a49472db3ebd7ecf338db6306b7d0fe7f72e19c,0x06a2e122ce61819a7554142520b9e931abd8b6ab,33.193653,2025-11-09 21:12:08.921873,ETH
0x555ca7c58ff3900d234bf4063e6e5299bf4a44f1,0x434bc6a190dea7cefd624430a14112f9fdab4c2d,17.587152,2025-11-10 00:03:06.921873,ETH
0x5d2a22f7c5d39e373842542fc7d6346f673eb6ba,0xd2af86d7e5da8cffbd96c776d10c800332e7f8cc,40.559869,2025-11-10 05:54:52.921873,ETH
0x94670bf8ac0b78499675ecce8f470ae60e7f3b94,0x2347ca71e536ef1bb0088bf202f993596876dc06,18.99419,2025-11-10 19:45:29.921873,USDT
0x9c5a048b9246032a445ee08816f642c78a127389,0x6858cd83192711a7c9a439db8867bb691fff95c5,7.396096,2025-11-11 01:10:40.921873,USDT
0x003e9b449b167f3c24b3ea4bc7cffa504e5f836e,0x69d9fcebb20e6bcf19ff45dac9318f5d20a69030,2.358806,2025-11-12 09:29:02.921873,ETH
0xdab399f97bf19a3e02b0a57c6f3caca477465a42,0x80b6b199a1625d5bb15e62ce8a13ffe179f011b3,23.739504,2025-11-12 23:39:29.921873,USDT
0xf609f05ca4096e467d66d95013c5c66cb5312c35,0x70e031efe6ea618a5dc2d08c0ff883c2a4f859b0,8.432261,2025-11-13 03:07:47.921873,ETH
0x79aef853e962a90f670a3e3c75f83a79a7c1295d,0x63e31cd55a793e6ba7d017d81af71bae24870e7a,30.885176,2025-11-13 13:44:21.921873,USDT
0x9306ddf598d39d877e87caa37aee0d73ce950d37,0x5d71a018055748cafcefef4c1baff3d99fcf99f3,49.09653,2025-11-13 15:57:05.921873,USDT
0x87ebaadeb5ec345a8c34d39461b99e52bcc4544b,0xab4e1b65e8e1e253206b395cd38032940f07f983,19.347233,2025-11-13 21:47:18.921873,ETH
0x6f4142cf176beb3def5432c8c005f9f2aa9f9392,0xfe47e2614da3e08594e8bc72301621d36b4a7d8c,48.392969,2025-11-14 15:58:56.921873,USDT
0xfed7bdf79e2b0f9abe1af309c693d87c5c76f6cc,0xb07b552c01ca28b41edf96e3a172ab65adfe18e5,4.37471,2025-11-14 22:09:08.921873,ETH
0x44193d7d28362143c3af144305f6a82bf72026eb,0x3a864c37c1b7bbdf1111886ec7ce54b9b048eab7,38.983241,2025-11-15 05:20:19.921873,ETH
0xf609f05ca4096e467d66d95013c5c66cb5312c35,0x1c8fd17836f50998f41f6dfe652e009c5bfa5aa4,43.738539,2025-11-15 11:52:33.921873,ETH
0x8a8c18139fa94f7354a72efb06505159408076b0,0x511478bf096eb917e2d6a1b9983c05738b547d52,27.484433,2025-11-15 18:06:26.921873,ETH
0x9f1f3788fcaeb9f0af634d972e4c8f8d18f4509e,0xb05b3af8beb6cb8f38a79cb80fd3b8c4139aa8f9,38.85922,2025-11-15 19:06:32.921873,ETH
0x8a2193c683dc288d0282ee32adfe3f471e1f5fb8,0xc8df573f74c96aa8a9464a0984c3d00fda32f593,7.430346,2025-11-16 09:34:56.921873,ETH
0xca316d93edc10b6df6d6e76e5ead87118aaf7b66,0x71cc94256add2426242d65de6a919def15c6367d,27.871289,2025-11-16 22:55:40.921873,USDT
0xa697941988991f67c718e770e87b541c85edb7cc,0xab1695d1c0cb0bdf43653cbe140a64f27ff9f3f0,8.746301,2025-11-17 08:04:46.921873,ETH
0x3667dba914edc54ae9ff663c85639dcc9c4c24e0,0xb6545fdac550598b0adbe4faf726df54b28ee234,39.90529,2025-11-17 09:10:37.921873,USDT
0xacc55321ee5980ba9507fcb95d1e8c8e8e293ae8,0x2101cf7e89ecee5f93f4c28735f7546385cbf540,26.774953,2025-11-17 20:38:03.921873,USDT
0x93d1142629175680366f75eb97dab5f61331a2c6,0xdffeff31e615cba0daed7857f66b0ca69edd074f,31.667943,2025-11-18 16:39:06.921873,ETH
0x4af316ac30d9792004ea9292087d51a20dff57eb,0x558e6c8ead171c8cde7c125fd814806469b23720,13.700036,2025-11-19 12:30:25.921873,ETH
0x974e579589e07b0b82b0cd80c74640d159565ec6,0x713d0fead058305b175adbc4150a281c008b2e9f,27.754832,2025-11-19 13:13:19.921873,ETH
0x869e514771c8809a2e73aa68a84065e0ae18557d,0xb43210ac2bee30f01491175ff4a414d677b438b4,0.938842,2025-11-19 19:19:05.921873,ETH
0xa83a3fb79cf12e909a13abc17c0a2ae6695ddb0e,0xbb374f9a502bf1c00f80d1663b8fb94ce3bd8e12,24.87897,2025-11-19 23:59:23.921873,USDT
0x578a339607ebb8c16b08a893d0adf978fb1b9004,0x4fd818310f6eb26eaf159c2e69bf94309d62cbe2,21.834258,2025-11-21 06:26:42.921873,USDT
0x7e314373496e45b3cf30a0a04b2b2c148e2ac007,0x5f538fe0b3a4f078e998ded054e81a556f0dd93b,31.714197,2025-11-21 10:40:10.921873,ETH
0xb1cebb2e7c9a9c0dae4c0bed5a80a352d30069bb,0x6858cd83192711a7c9a439db8867bb691fff95c5,48.850846,2025-11-21 14:53:54.921873,ETH
0x2b50833bff55feb97c2433c7a62c81fcd1e1945c,0xcbed6b88a10297e1042e1077a5792c532581ec54,37.900413,2025-11-21 19:00:34.921873,ETH
0x5864607aab9dd4dc2dbf2b61ada7c374d7f00550,0x8c1fbf62de17b13a0db062b69daa15a7deec4e55,1.003461,2025-11-22 01:15:34.921873,USDT
0x7dfa628803101a8e855a64a2203b239142bf3d9d,0xeef33ba89a63699f32e84746d8a10a96ded61920,37.199383,2025-11-22 09:33:21.921873,USDT
0x12e3b4be61c187846be2a913f7662904090884d7,0xfed2bcfe227cac1dc585f216e0b72b14fb7ff842,20.315415,2025-11-22 13:07:42.921873,ETH
0x3001a02b4fde1ac86fba5c431d69d0b365f4ab37,0x8f838f03b7b5baaa20fcbbe2cf18092dc205e3fc,11.628846,2025-11-22 13:47:26.921873,ETH
0x5259cc0bc510aad998d7b42e8731945fb5a54cc8,0x408947e5b0a16b1805447d4db897ad7955f97f4c,15.030479,2025-11-23 05:15:18.921873,ETH
0xdb6a94426693907846ec569b48a270b92f803c7d,0x0bdf9cc5df6dfb92b85851534a690b829bc59678,18.713684,2025-11-23 13:33:55.921873,USDT
0x855577eeafbc368e9a6e37a8b41d271e2b9bd9a6,0x511478bf096eb917e2d6a1b9983c05738b547d52,14.258545,2025-11-24 00:24:25.921873,ETH
0x0ecec3b8093620963c68eec5b9b3953d617300ee,0xd151422435ec0777b8ed6403813821af5e1ffa80,22.657999,2025-11-24 00:27:55.921873,ETH
0xbc2097dbe1b6d923dd4c7c13b0073908f6376f61,0xb609e467b683dc502532c348d61e44ce69da67c7,32.785177,2025-11-24 04:38:28.921873,USDT
0x2862353a65116d3216181493a5e4663126e3eaad,0x2a82f4323c90d5ca7f29d8eb10c5a99a961bae6c,47.951946,2025-11-24 08:05:14.921873,ETH
0x9306ddf598d39d877e87caa37aee0d73ce950d37,0x20d86d80c0fd1de92e665f8f47ce5c938a4098f3,15.754729,2025-11-24 08:24:13.921873,ETH
0x4e301a2bd00f3c7a73d18f07dd94f7692054ae90,0x09c8acd2e1fb980a7c9d5644578e2454e6c12fd1,12.382822,2025-11-24 08:36:56.921873,ETH
0x79aef853e962a90f670a3e3c75f83a79a7c1295d,0x7d68d7b05b225f9b92ffb440f978ace8d0c5ed39,15.211554,2025-11-24 11:25:36.921873,ETH
0xa6b9664a0febb9c455050028ed52b7552c6b84d4,0x48f8b7726e1831d2c0a6d6a5e6d7c7e78d7c49f1,8.597157,2025-11-24 23:21:30.921873,ETH
0x5fcfa17cb6604909bd43d9bcc07026115917214c,0xef7f71f47440f796b52735095638c420abdad1e3,31.384041,2025-11-25 17:43:49.921873,ETH
0x4dc6a4d48b1f49468567a1d854450f39d4fb0f1a,0xb07b552c01ca28b41edf96e3a172ab65adfe18e5,29.731439,2025-11-25 18:16:14.921873,USDT
0x515e0b306583892a57bf41007a4b9e76cae340d4,0x5db5cbefc4d14fca8e09353eebedd82284a2fc8a,41.172234,2025-11-26 01:08:04.921873,ETH
0x941f3308c2d59ad1badef0110e5f7d3115f16dce,0x470ed84399c660fa10e0599cb0adc690b2ab7e40,29.645753,2025-11-26 09:03:05.921873,ETH
0x92b0b867307ca76a843061575fe6b77991219bd8,0x6d48fc63e490fc647ce160a68b5f9c53454afc48,19.771311,2025-11-26 09:52:17.921873,ETH
0x43f5a009efe60b3709c33d2380df8917f8e79da6,0x941f3308c2d59ad1badef0110e5f7d3115f16dce,11.964162,2025-11-26 12:54:10.921873,ETH
0x17cc8fd68de08ceac10f5110a3ba3f53c364a53b,0x6c590b768290567da9ef1c8d60a01eca66b9d9df,22.170464,2025-11-26 21:13:06.921873,ETH
0x9f1f3788fcaeb9f0af634d972e4c8f8d18f4509e,0xf84fdc219b591f5df23b8de64c4b4e5bf1bcf176,42.488081,2025-11-27 00:13:14.921873,ETH
0x4cc5ef7561cec6db7d1c0b45e988aba520f95cd3,0x15cd78413f59b8f9e493e3dcc0c34eae74f599dd,11.165633,2025-11-27 05:18:48.921873,ETH
0x7ba3e2a60f959968a41e745abfd4d9b31dabe1f3,0x7e314373496e45b3cf30a0a04b2b2c148e2ac007,38.315988,2025-11-27 06:19:35.921873,ETH
0xfd247e5a1e34cea75bd10f7a6f1b08d20f015622,0x31123db09fb9d59a2d00605fd78e264411193532,16.795358,2025-11-27 18:08:58.921873,USDT
0xaf879c6688c6b0b9c2aa551a168895bd4a0c7241,0xfdec62e7b396cb83ad45fe480ddc02a805bdf0ab,32.2627,2025-11-27 19:37:13.921873,ETH
0xcbc3b895bc88a776e6a519234a8b38baa5dda2c2,0x8034fb2075b3cb3ed63e992e9c7eefaee50938b9,39.054781,2025-11-29 13:27:04.921873,ETH
0x5bdcdd8062d39fb311741085de8525e72f92be00,0x7af7e70a42eb5dbe367d008b8901e14b13dd61c9,18.252778,2025-11-29 20:00:37.921873,USDT
0x400444baf5e1aab5692299ba8adcc78595aac1ac,0x018ce9b1046bbe1ed88869b13099a3d913e240d1,34.216857,2025-11-29 21:22:48.921873,ETH
0x4f67bbfae434bdaa05e5e7b9d528196d43138156,0x2862353a65116d3216181493a5e4663126e3eaad,19.363014,2025-11-30 08:25:25.921873,ETH
0x454ec960f357604fe2e8967992781bd50e8352a3,0x6cfc644c175e62d3f45b9b84f81b4845e87d3339,37.910864,2025-12-01 06:35:02.921873,ETH
0x6cfc644c175e62d3f45b9b84f81b4845e87d3339,0x138cef476e6ad152666c6433cfbb3a4b1911ecab,2.656565,2025-12-01 10:03:09.921873,USDT
0xe0bb2c5fc313fd2d6ec1a6b2fc6b71dab35ae002,0x54932b923e4e31674da91a162b5f59e728f92e6a,31.801794,2025-12-01 22:08:19.921873,ETH
0x94c6c24e11d04184819ad81802dd63952eac1680,0xc896f0b6961fb44eb616e1b22129d4dcc68de002,26.760705,2025-12-01 23:37:07.921873,USDT
0x7d68d7b05b225f9b92ffb440f978ace8d0c5ed39,0xab63a660444ba4c70a036ec75c60f16a18121baf,19.915479,2025-12-02 00:02:00.921873,USDT
0x4dccd60f45d21e7fc19355fbf48c053fcebdd07b,0x7e3e1593a68ef10be34d1a3e3558b57690a8cd23,8.990333,2025-12-02 02:53:06.921873,USDT
0x146fbff9603e90e48975e28c25fcebb117fb5c11,0x731a7aaa579367172b3f5b35df0f5f7649595034,16.906892,2025-12-02 15:55:27.921873,USDT
0x73d55df43a30818bbe07208012a859edf7179a50,0x6c590b768290567da9ef1c8d60a01eca66b9d9df,29.512718,2025-12-02 17:06:40.921873,ETH
0xfd247e5a1e34cea75bd10f7a6f1b08d20f015622,0x3a864c37c1b7bbdf1111886ec7ce54b9b048eab7,25.255084,2025-12-04 03:05:09.921873,ETH
0xf102e4a6fe65fc445c9a9a080b8cfc517c90f850,0xbb72052db3be186ff5cb39a5019a4a548ad21c2e,11.720615,2025-12-04 04:33:21.921873,USDT
0xfd868741661c889df6b1b931b3b32f0153e30fea,0x79aef853e962a90f670a3e3c75f83a79a7c1295d,20.033542,2025-12-04 07:29:52.921873,USDT
0x3108401d07fc8f38d091a5a413140ed601a96862,0x9c5a048b9246032a445ee08816f642c78a127389,8.877895,2025-12-04 13:54:43.921873,ETH
0x4e301a2bd00f3c7a73d18f07dd94f7692054ae90,0xe97219c488e018835696a7420128443f4b97afb2,12.505087,2025-12-04 13:57:19.921873,ETH
0xa77158e575fb655a1480813ad95b95eb84fd3a01,0x5fcfa17cb6604909bd43d9bcc07026115917214c,21.023377,2025-12-04 14:15:18.921873,ETH
0xf29ba36125847951b89da612001056aa2d36ae48,0xc08af37a00815e3c3a3a4b4ee9d12b6e0f59c26a,24.26089,2025-12-05 08:32:24.921873,USDT
0x11f2b7822ecf14f3741fdf626af17478e9082abe,0x5bdcdd8062d39fb311741085de8525e72f92be00,29.067258,2025-12-05 23:04:07.921873,ETH
0x5db5cbefc4d14fca8e09353eebedd82284a2fc8a,0x7e5f9149fb309606668fc9b2430e8d6c0cdd80ef,13.602513,2025-12-06 03:23:57.921873,ETH
0x2862353a65116d3216181493a5e4663126e3eaad,0xf3b7a9b3bfdef05db58712389c288cdde10c8830,43.719784,2025-12-06 10:16:17.921873,ETH
0x93617dc9935496c15b837d408b0fc0f5df6d7179,0x1cb16bf607f66331f5febfc0f6ab3378ca3104ec,47.409793,2025-12-06 19:27:01.921873,ETH
0xe2174aac21850fef9da6be2d1b3033d6eac26a20,0xf4ee92dd7482b0f1b341df2047051a1dcdc50cc7,3.228695,2025-12-07 01:12:30.921873,ETH
0x45ea19c3b99eb6d1f4e68a0ec9ef67e0e08456c5,0xde2c426b7e571bd0ac45e1776d92464f767cf77f,14.39891,2025-12-07 10:48:19.921873,ETH
0x833cc051c444d9e3a4cb81e30d4951f7ced57607,0xf2714b6e5eea5acad430bdaf10a438b390a32824,12.211592,2025-12-08 01:30:11.921873,ETH
0x4cc5ef7561cec6db7d1c0b45e988aba520f95cd3,0x3a926f2f105f46346b08a22f6b6207e83ca68b9b,10.623783,2025-12-08 12:11:32.921873,USDT
0x6539ef8f49ba7b4ced847db37b49e42013e3964a,0x94cd53d4ff63caae313ac373deb4cd05e965e6bc,38.965764,2025-12-08 15:06:41.921873,ETH
0x9815d0997345012fe684262fe16063e6e2efb577,0x0b48a2b1fda19c6e59948064a0eaf580bf56a7bf,25.766456,2025-12-08 19:24:23.921873,ETH
0x57502018c611b313363f6e2f5e48062cdd4f6131,0xce18a364ab7fdf66bed33976f24643560662827e,35.256386,2025-12-08 21:01:08.921873,ETH
0x4c9501206c0e2fabdea92b04f161fff8fe572368,0x1151b0bf28534968be3e7f85c7dcc638b91da7bb,8.185792,2025-12-08 21:46:55.921873,USDT
0x0b48a2b1fda19c6e59948064a0eaf580bf56a7bf,0xc67bc9f780b0ada3c64728c7d2e55d1121810126,12.965449,2025-12-09 00:26:11.921873,ETH
0x4ae1810b9a299455c9cc43dde58925be2d9a33d0,0xc08af37a00815e3c3a3a4b4ee9d12b6e0f59c26a,1.563694,2025-12-09 04:36:02.921873,ETH
0x41cde4042ba79ef02ede794910d6e3161f7434e2,0x23bd0b885238db1a17d67b86ab4ce7548d1d3504,31.636593,2025-12-09 07:44:18.921873,ETH
0x87040482374e6cb337d92ee582665a3845cb778c,0x9eebcf162c9e23e81e8e8f6c7ab47a2e337aa11d,10.024736,2025-12-09 16:13:57.921873,ETH
0x7182504d3d8ee8de1883ae91f23831eed99deb88,0x03f73ac59c29fe67d6b02b007adb816394ff69bd,48.006127,2025-12-09 20:55:15.921873,ETH
0x2862353a65116d3216181493a5e4663126e3eaad,0x470ed84399c660fa10e0599cb0adc690b2ab7e40,18.049137,2025-12-09 21:56:42.921873,ETH
0xd553b32b4151a7106f1dd5429be66c6435a66cb6,0x83c8baeedee6b7a2f8be67024f9486c2b5ad544e,33.095372,2025-12-10 05:43:24.921873,ETH
0x185918095476190ac118d079fe772b2fad7ae51e,0x2a82f4323c90d5ca7f29d8eb10c5a99a961bae6c,46.188363,2025-12-10 09:26:13.921873,ETH
0x10a28e79f4c03bd38952f939aa36ff0caf132565,0x8ea189afa02de386a646e86f9471f4848d59bcb4,44.054633,2025-12-10 17:11:59.921873,ETH
0x9f5845a2631643e16df9882c6fa573349d483ba2,0xb07b552c01ca28b41edf96e3a172ab65adfe18e5,39.318707,2025-12-10 19:32:52.921873,ETH
0x73812ab6fe7fd1b18cf28ffcea139d4b219a9b9a,0x92b0b867307ca76a843061575fe6b77991219bd8,3.594166,2025-12-11 00:45:26.921873,ETH
0x713d0fead058305b175adbc4150a281c008b2e9f,0x145f3db05ad2719182c0d1fa3d09bf79e19d3be2,19.499667,2025-12-11 04:32:39.921873,ETH
0x713d0fead058305b175adbc4150a281c008b2e9f,0xec25e7bca9946e471593e2f0c531f39be2da4ec4,22.153291,2025-12-11 08:15:06.921873,ETH
0x4dccd60f45d21e7fc19355fbf48c053fcebdd07b,0x986630c8e2a6c892a20cfec4db2f155500bb06a3,23.3474,2025-12-11 15:34:04.921873,ETH
0x1d66ae305c9517a4f57665c09534755cc7a30f33,0xd13b6a4f4ffb7f5a3dc5c8a216d01d91af1630e5,11.358509,2025-12-12 09:55:54.921873,ETH
0xc30b0e6a0a15c339a7d9d8c1f0d18b1b9f49bced,0x9518bd90b4f0703e0c5d370447d917ae1cd55534,8.504343,2025-12-12 18:30:37.921873,ETH
0x8c98b73f49beabab0c206484c74b76acfd69b1bd,0xc7ee24fc294833bcc11c7546caee7664e9370dd4,38.604476,2025-12-13 13:44:30.921873,ETH
0x45ea19c3b99eb6d1f4e68a0ec9ef67e0e08456c5,0x4e301a2bd00f3c7a73d18f07dd94f7692054ae90,9.320731,2025-12-13 20:34:00.921873,USDT
0x9ddf2e0d2821407b319f15c7d6758bbbd7bb923f,0x1b5033637291f1d8a4ced9850f56bc959827d3c5,22.361268,2025-12-13 23:55:19.921873,ETH
0xb07b552c01ca28b41edf96e3a172ab65adfe18e5,0x4a1c93bdf387197aacce18bfe6f42eec353845e7,48.146769,2025-12-14 18:18:56.921873,ETH
0x17863979dca1ea8826de7ba1c7099cc906f2030c,0x71cc94256add2426242d65de6a919def15c6367d,40.927476,2025-12-14 22:42:33.921873,ETH
0xe67f2efc6cb1163ee2f2c059fb379203d2dbec84,0xe8ccf92d18d86407ea1872364d358e56fad3a85b,15.080921,2025-12-15 13:18:17.921873,ETH
0x48a661a8e04eb5e058a24385e53ff5ef9f8b44d8,0xc8beae33a4f7d16dd9e299ef2e0987dbe168d9ca,35.114597,2025-12-15 18:24:39.921873,ETH
0x3b1886d68c1dc96c138566ef1096d17c7f33154e,0x7a37da343c89d5307b61d8ced6cb82b3f23efe22,20.850233,2025-12-15 21:08:38.921873,ETH
0x49977bd8992e21e131d4d87452e654e4412790f9,0x70d603732253a76af6bc22818e95dbc72f9e008e,1.314605,2025-12-15 22:20:35.921873,ETH
0xd9b9848c3f0ceb76d9b0cec954bd7c62747d6316,0x9ddf2e0d2821407b319f15c7d6758bbbd7bb923f,42.19185,2025-12-15 22:24:30.921873,ETH
0xb6545fdac550598b0adbe4faf726df54b28ee234,0xd9b9848c3f0ceb76d9b0cec954bd7c62747d6316,19.823912,2025-12-16 04:47:43.921873,ETH
0xeb1feb5a35913f9365bc2fef039d78216d2475b0,0x0963aef2d9b3e37dec0d238ee7bed33cc6f11f6c,43.053747,2025-12-16 12:24:59.921873,USDT
0x3398d14d2169248b43121aa705d8b6a24431fac6,0x17cc8fd68de08ceac10f5110a3ba3f53c364a53b,23.450736,2025-12-16 13:44:50.921873,ETH
0x17bcfc5de5a9ea39cec90e55d42cc36360508c33,0x42bf4e74e7e7be941b3c0f13bfc6c4e18a933d26,23.298247,2025-12-16 21:28:19.921873,ETH
0xf4ee92dd7482b0f1b341df2047051a1dcdc50cc7,0x4e301a2bd00f3c7a73d18f07dd94f7692054ae90,10.579067,2025-12-17 04:00:19.921873,ETH
0x52774561af6ef4af510bc84fe8ef09d0e44defde,0x713d0fead058305b175adbc4150a281c008b2e9f,23.358398,2025-12-17 15:19:09.921873,ETH
0x48f8b7726e1831d2c0a6d6a5e6d7c7e78d7c49f1,0xca316d93edc10b6df6d6e76e5ead87118aaf7b66,39.200097,2025-12-18 09:12:21.921873,ETH
0x80188c9305cf9b3a9db1619005f8f53b5daf2f87,0x8c98b73f49beabab0c206484c74b76acfd69b1bd,49.23389,2025-12-19 04:11:47.921873,ETH
0x8bc397d4341bc61223c06741fce946ffb4ceb49b,0x138cef476e6ad152666c6433cfbb3a4b1911ecab,36.928031,2025-12-19 11:25:12.921873,USDT
0x209f030ae3911ff4262f0e24b6a057099f5cac78,0x7e314373496e45b3cf30a0a04b2b2c148e2ac007,4.304557,2025-12-20 11:18:00.921873,ETH
0xbf7c51e7e7058d2dd3952e00b29b2a0917064407,0xff7d453659c01c15de9b30f59de3370e121ca220,31.840259,2025-12-20 15:31:09.921873,ETH
0xd57cdeebc9156d047333d52af616fd7d617dc293,0xd140a627c0b06a597c23602e7c7e4fde32f3526e,1.01865,2025-12-20 18:21:08.921873,ETH
0xca316d93edc10b6df6d6e76e5ead87118aaf7b66,0xd3df29e3eaabcb30b88034895078be323e6fe81a,29.416791,2025-12-21 08:30:06.921873,USDT
0x4af316ac30d9792004ea9292087d51a20dff57eb,0xa4f2a169cd2d69decf52c52853add827e6296c89,48.395969,2025-12-21 19:46:32.921873,USDT
0x27bfa0fd12659ebba9aa76de7a6a8708a90593e8,0xcbed6b88a10297e1042e1077a5792c532581ec54,27.513422,2025-12-22 01:02:10.921873,ETH
0x2cfca172a462f273449b0590696e1b2d0dde6611,0xb7b53f82db52109d2c2c227057ca7601d9851761,10.522819,2025-12-22 07:53:52.921873,ETH
0x5dd596ba0f646671dbb4d9f06728f175a5435512,0x986630c8e2a6c892a20cfec4db2f155500bb06a3,24.236876,2025-12-22 14:29:24.921873,ETH
0xa3914452c06bde6b2a9f3223d53094f33992cd7a,0x0b715ead04e7559f813f4453788813f496895c31,2.728823,2025-12-23 12:11:21.921873,ETH
0x4d298fbeac8c4507dc243cdf6ff14ce1dfb360c7,0x3a926f2f105f46346b08a22f6b6207e83ca68b9b,10.456988,2025-12-23 19:26:14.921873,ETH
0x5a3ca9361aecd939c7fde2c96a3e4f9d392b0f4e,0x4c9501206c0e2fabdea92b04f161fff8fe572368,4.734726,2025-12-24 04:26:44.921873,ETH
0xa697941988991f67c718e770e87b541c85edb7cc,0xd6679263d84079db411a9c55dae9bac22bbf806d,21.544379,2025-12-25 09:41:52.921873,ETH
0xf4ee92dd7482b0f1b341df2047051a1dcdc50cc7,0xb05b3af8beb6cb8f38a79cb80fd3b8c4139aa8f9,28.588419,2025-12-25 17:56:33.921873,ETH
0x0bec11e1374dc0d87e1c9b5ce3abfd65f516352d,0xc91530b7e9b5b62e101a9d66e70bc97ea0442901,22.901959,2025-12-26 06:03:16.921873,USDT
0xda3eb28783dcc44fe0d1f3759dbc5325844ae928,0xf98014c52b378c7b49a7790838cefa69c9f86a57,38.037416,2025-12-26 12:34:20.921873,ETH
0x7451d094715c27cf55a5ed7e65e1bffa6c21a0f4,0x55a9433432f85a055580bce3fa1ff92cf6ada367,34.937354,2025-12-27 04:32:46.921873,ETH
0x73d55df43a30818bbe07208012a859edf7179a50,0x59780c8b1e4ae1032c47725a469e2294a0e35cd6,39.052471,2025-12-27 11:09:20.921873,ETH
0x80cb3d1ef1626c62cc243f48b021b36419a628ad,0x8a8c18139fa94f7354a72efb06505159408076b0,16.518569,2025-12-27 17:13:46.921873,ETH
0x3f3aaf55b57fb859e228e6ba39d3160bdf48c42e,0x21e005d11049ae90e3c2dacc333dc46a8d0813ba,32.878932,2025-12-28 03:16:26.921873,ETH
0x8da80efdd66225e427697472ebac6134fa327c14,0x5e768d47960aa289e9da242464bd3a92e408267e,38.038411,2025-12-28 15:14:27.921873,ETH
0x8f838f03b7b5baaa20fcbbe2cf18092dc205e3fc,0x941f3308c2d59ad1badef0110e5f7d3115f16dce,11.126355,2025-12-29 14:14:47.921873,ETH
0x50e6b3e220b3e377fa6892da7b3159ef79ee6615,0xf953e315f4fae1d2c16180eb638ff09b7218ddba,34.540997,2025-12-29 16:27:10.921873,ETH
0x6b30bce4411ce07c486c1ce9d4b21011cd6f1aae,0x6f7f25f09f692e7378581a2e5b4559754612d8ef,41.776606,2025-12-30 01:50:06.921873,ETH
0x3d67947b56378c95da1cceb0076549d4be95f3ce,0x36f7ec91e340ae475d5aa2d8645e338096975382,21.327857,2025-12-30 07:45:49.921873,ETH
0x4f67bbfae434bdaa05e5e7b9d528196d43138156,0xa5fd82d748811d8ae09212447eaf07205a45cb83,43.513165,2025-12-30 16:10:19.921873,ETH
0x54932b923e4e31674da91a162b5f59e728f92e6a,0x6c2f21ef84ac462c9f4531e3fc320c7416cedd0b,35.50936,2025-12-31 02:11:10.921873,ETH
0x96a8181757fb2366307e5d39104941f0e044c85d,0xbf38c686c24c2ad2117384fefb31a38aa7120fd8,6.143307,2025-12-31 03:20:31.921873,ETH
0x0a00ed049a877992f127a491dda2a6bef46f22c0,0x5e768d47960aa289e9da242464bd3a92e408267e,39.50902,2025-12-31 07:39:24.921873,ETH
0x43f5a009efe60b3709c33d2380df8917f8e79da6,0xa3914452c06bde6b2a9f3223d53094f33992cd7a,20.537523,2025-12-31 09:34:43.921873,ETH
0xdffeff31e615cba0daed7857f66b0ca69edd074f,0x713d0fead058305b175adbc4150a281c008b2e9f,39.59678,2025-12-31 09:57:23.921873,ETH
0xd6679263d84079db411a9c55dae9bac22bbf806d,0x8da80efdd66225e427697472ebac6134fa327c14,21.51367,2026-01-01 11:23:48.921873,ETH
0x8af66cae9c5778e2e44e7a0d5284cee853ba70d4,0xc9725c6aa2473777602cbb72e20727a46ae3e969,44.411892,2026-01-02 00:15:30.921873,ETH
0xc41d322dc285eba32c706c58ee2fe315fcd159a6,0xc67bc9f780b0ada3c64728c7d2e55d1121810126,11.90801,2026-01-02 04:22:38.921873,ETH
0xcc9b7db0a936df4ce066dbe2c41d670dc396af4a,0x4c86c2ed82b1d071aaddfae713818ea57e534a5e,19.603766,2026-01-02 05:22:48.921873,ETH
0xbd8b6c97f61694dce7bcc5a2c93892ac082210bc,0x47bf51c152b932cb99df2fd5744e65d38671e035,45.710691,2026-01-02 06:13:54.921873,ETH
0xf57d9b6da9dcfa369cee098a07a9952d4d012e56,0xabbe2beedd7a66df9c5c78f0f77d456e2cca05c0,22.152341,2026-01-02 14:12:18.921873,ETH
0x2a09597cf9fcde33bf67c57d3092be8615a6f2ea,0x5bdcdd8062d39fb311741085de8525e72f92be00,1.929037,2026-01-02 16:50:01.921873,ETH
0x2b391783adb6a5b847a7a9d83080c8e6c6a1012b,0x64ae36cd098555904aec7ce88160e503c430be04,26.853251,2026-01-03 11:22:09.921873,ETH
0x93617dc9935496c15b837d408b0fc0f5df6d7179,0xb07b552c01ca28b41edf96e3a172ab65adfe18e5,26.215386,2026-01-03 22:17:40.921873,USDT
0x94c6c24e11d04184819ad81802dd63952eac1680,0x185918095476190ac118d079fe772b2fad7ae51e,13.424684,2026-01-03 23:29:32.921873,ETH
0x3f1f5bf45d7193c21e698e2e621ffb1baf797560,0x099c232eab6d5e15e12b9f5a2946e3a488cd00b5,47.755707,2026-01-04 08:37:23.921873,ETH
0x48f8b7726e1831d2c0a6d6a5e6d7c7e78d7c49f1,0x5db69a576ba1c0f12939ea0796729b6006365474,10.856859,2026-01-04 12:10:37.921873,ETH
0x03abd00a9b86bcf33d9874f5a8301a180637c3b2,0x94cd53d4ff63caae313ac373deb4cd05e965e6bc,47.672366,2026-01-04 14:33:43.921873,USDT
0x9f1f3788fcaeb9f0af634d972e4c8f8d18f4509e,0x17bcfc5de5a9ea39cec90e55d42cc36360508c33,38.859179,2026-01-05 00:10:23.921873,ETH
0x41cde4042ba79ef02ede794910d6e3161f7434e2,0xbc68253868a9677c967f08968f22128738b2cc95,48.691706,2026-01-05 05:31:10.921873,ETH
0xbf7c51e7e7058d2dd3952e00b29b2a0917064407,0xf4ee92dd7482b0f1b341df2047051a1dcdc50cc7,48.539904,2026-01-05 15:30:11.921873,USDT
0x7af7e70a42eb5dbe367d008b8901e14b13dd61c9,0x55a9433432f85a055580bce3fa1ff92cf6ada367,20.630881,2026-01-05 21:18:58.921873,ETH
0xe0bb2c5fc313fd2d6ec1a6b2fc6b71dab35ae002,0x2d3e2aaf9627ee4901ac59c1f15d562ea3e4486c,2.699845,2026-01-06 00:07:35.921873,ETH
0x00e432b7c0816537f9f82cbe0e7a9d365c290bb0,0x7ae59e48fd3a4951bbf1eca987a926f332bc23ff,16.448753,2026-01-06 15:44:32.921873,ETH
0xb881f9f56bdf7fdf23a7c3096259de1c53eaa09c,0xf6372eee7b534fc822e1aa7610429fbc92b5e50a,30.669299,2026-01-06 21:00:42.921873,ETH
0x145f3db05ad2719182c0d1fa3d09bf79e19d3be2,0x87040482374e6cb337d92ee582665a3845cb778c,45.751563,2026-01-06 22:14:52.921873,ETH
0x7e3e1593a68ef10be34d1a3e3558b57690a8cd23,0xbf38c686c24c2ad2117384fefb31a38aa7120fd8,32.258019,2026-01-07 06:37:09.921873,ETH
0x78681890eafc915763b8fe739d65c8163b72426c,0xbb72052db3be186ff5cb39a5019a4a548ad21c2e,44.60401,2026-01-07 14:02:01.921873,USDT
0x69a258c022706bf45425ab9b91e35ba37da3cb9f,0xf6372eee7b534fc822e1aa7610429fbc92b5e50a,10.113519,2026-01-08 06:06:36.921873,ETH
0x0a00ed049a877992f127a491dda2a6bef46f22c0,0xd8778542d07726d4c4f3a32a4edf1bb48141ecd5,49.048579,2026-01-08 09:18:49.921873,ETH
0x761316b9670562aeedd68e467e44766028b9a3c4,0x9ddf2e0d2821407b319f15c7d6758bbbd7bb923f,5.946149,2026-01-10 19:03:58.921873,ETH
0x7e314373496e45b3cf30a0a04b2b2c148e2ac007,0x986630c8e2a6c892a20cfec4db2f155500bb06a3,26.197043,2026-01-10 19:05:22.921873,USDT
0xb6545fdac550598b0adbe4faf726df54b28ee234,0x4cc5ef7561cec6db7d1c0b45e988aba520f95cd3,11.0674,2026-01-10 19:44:44.921873,ETH
0x2a09597cf9fcde33bf67c57d3092be8615a6f2ea,0x4c9501206c0e2fabdea92b04f161fff8fe572368,17.526485,2026-01-11 08:29:06.921873,ETH
0x56baae5fa0eae52929e959c49d478be35c9129dd,0xa63374ca7ae749ee3019d39284b89c88faa12be9,5.739329,2026-01-12 07:00:55.921873,ETH
0xbf38c686c24c2ad2117384fefb31a38aa7120fd8,0x5e768d47960aa289e9da242464bd3a92e408267e,17.667248,2026-01-12 23:22:23.921873,USDT
0xb881f9f56bdf7fdf23a7c3096259de1c53eaa09c,0x6f7f25f09f692e7378581a2e5b4559754612d8ef,2.214956,2026-01-13 05:00:19.921873,ETH
0x65edbc1cebbd1be657e78500e2b30f05c0012c0f,0x8919102b48b3c6c1b5c03bf41f95a4dbbccd71b8,36.022836,2026-01-13 08:23:58.921873,ETH
0x4d4b04a1e1ae30e3227482c6086591cd81eaca1d,0x5f549c973f1174639747866e85423eb4b9b1f10f,11.637253,2026-01-13 11:33:54.921873,ETH
0x515e0b306583892a57bf41007a4b9e76cae340d4,0x07141c633a3fc3d91d01fee9586824b212b81b2e,42.984439,2026-01-13 12:55:44.921873,ETH
0xc2ca7416a2e87d3865f7693f4bd67b4402f1cc7d,0x8c98b73f49beabab0c206484c74b76acfd69b1bd,15.207573,2026-01-13 14:25:11.921873,ETH
0x73d55df43a30818bbe07208012a859edf7179a50,0x3a926f2f105f46346b08a22f6b6207e83ca68b9b,11.194354,2026-01-13 16:46:31.921873,ETH
0xfadc71f2aaade2eb91ae19906aeff8b1935e453e,0x0e5cf82014b5c3c204f8e8e178c49dcb8ce23ed1,40.337246,2026-01-14 07:29:49.921873,ETH
0x2051b3f7785ed1253e7afe1c43e89115a9bbdf70,0x3d67947b56378c95da1cceb0076549d4be95f3ce,12.496333,2026-01-14 18:09:29.921873,USDT
0xbf38c686c24c2ad2117384fefb31a38aa7120fd8,0xb1cebb2e7c9a9c0dae4c0bed5a80a352d30069bb,36.177207,2026-01-15 07:19:45.921873,USDT
0x8ed59337efa71899b3fc51945708aa098a6f63c4,0xb7b53f82db52109d2c2c227057ca7601d9851761,2.328577,2026-01-15 09:41:13.921873,ETH
0x07141c633a3fc3d91d01fee9586824b212b81b2e,0x2b50833bff55feb97c2433c7a62c81fcd1e1945c,16.605658,2026-01-15 17:36:57.921873,ETH
0x9f1f3788fcaeb9f0af634d972e4c8f8d18f4509e,0x0ecec3b8093620963c68eec5b9b3953d617300ee,7.016355,2026-01-15 21:27:38.921873,ETH
0x9c5a048b9246032a445ee08816f642c78a127389,0x83318586d034f0581fd5d1cd03e3c935c6d2fdbe,28.111338,2026-01-15 23:58:56.921873,ETH
0x9f14035594cea2e2a4d95f12baa769a2fb40cdcb,0xfd247e5a1e34cea75bd10f7a6f1b08d20f015622,11.054261,2026-01-16 08:11:57.921873,ETH
0x7a37da343c89d5307b61d8ced6cb82b3f23efe22,0x2101cf7e89ecee5f93f4c28735f7546385cbf540,20.813682,2026-01-16 18:35:30.921873,ETH
0x1fdf3c1d6551fc4d3138162e25745c2f3f124423,0x8356adbbd07ea55a5904a508a5bff580b0a74499,13.581304,2026-01-16 18:48:11.921873,USDT
0x79aef853e962a90f670a3e3c75f83a79a7c1295d,0x8c1fbf62de17b13a0db062b69daa15a7deec4e55,21.910657,2026-01-17 03:06:32.921873,USDT
0xff8a3400a2ca2b1af9eb51528eb79b46e7051ccf,0x9a1ab86fb8c22c7c766b1f1bbef646b3a2178e35,9.253369,2026-01-17 08:32:17.921873,ETH
0xa697941988991f67c718e770e87b541c85edb7cc,0x0b8b382fc60d6a2db1d31f127b01b3b08133c553,16.057283,2026-01-18 12:35:42.921873,ETH
0x3246ab9e7a52daef2e4c25a6e603ccd3187fa778,0xb54918a40b149c05b0d575c0a9d1babd54e24400,35.523587,2026-01-19 12:34:07.921873,ETH
0x0b715ead04e7559f813f4453788813f496895c31,0x03f73ac59c29fe67d6b02b007adb816394ff69bd,12.993327,2026-01-19 16:45:39.921873,USDT
0x48a661a8e04eb5e058a24385e53ff5ef9f8b44d8,0xfcfea31a9f025efba5a11553fc76b66b62f9c057,6.350262,2026-01-19 21:27:48.921873,ETH
0x1deccee6ec5112cbfb7336f90eb02f113366eb12,0xc50495d1bc6eadf7d76059a4fc631c5c9de92dbc,23.531952,2026-01-20 00:14:28.921873,ETH
0xff7d453659c01c15de9b30f59de3370e121ca220,0x1f1770e8606b5a1df2d3a32517d95562c78e93c7,41.897197,2026-01-20 02:15:03.921873,USDT
0xc4716ab3579dbb5df74c51157843e262704725ed,0x3001a02b4fde1ac86fba5c431d69d0b365f4ab37,22.124966,2026-01-20 06:07:46.921873,ETH
0x6b30bce4411ce07c486c1ce9d4b21011cd6f1aae,0xaeeca00b13bdb8db89dc1b3061b03b453d8b1e72,13.255194,2026-01-20 15:10:20.921873,ETH
0x904425daa96dca49b28b7e157cb47eba309d7021,0x2522a6422166d1277d2121d247f1699af99b4a2e,42.413741,2026-01-20 19:29:42.921873,ETH
0x442cead775ab202c65270bb4bb518f0c648338f6,0x3f6ef1d326441d1d3ecdfa04248ea3ad83df1d7d,4.967391,2026-01-21 09:49:24.921873,ETH
0x94c6c24e11d04184819ad81802dd63952eac1680,0x0bdf9cc5df6dfb92b85851534a690b829bc59678,11.331492,2026-01-21 16:04:22.921873,ETH
0xf4e6e260a6abb030dce4543225c19e5ebf84b549,0xcf2c7c2c78d8c236c947a7cbdcbcc5de4f72a49c,37.871707,2026-01-21 16:51:12.921873,ETH
0x3246ab9e7a52daef2e4c25a6e603ccd3187fa778,0x23f6ed83b61e24d20fded848735eb431e0a472e0,4.054362,2026-01-22 12:26:14.921873,USDT
0xe67f2efc6cb1163ee2f2c059fb379203d2dbec84,0x7d68d7b05b225f9b92ffb440f978ace8d0c5ed39,25.959133,2026-01-23 10:23:30.921873,ETH
0xce18a364ab7fdf66bed33976f24643560662827e,0x5f549c973f1174639747866e85423eb4b9b1f10f,15.515879,2026-01-23 13:18:38.921873,ETH
0x986630c8e2a6c892a20cfec4db2f155500bb06a3,0xda3eb28783dcc44fe0d1f3759dbc5325844ae928,32.338422,2026-01-24 00:55:46.921873,ETH
0x79d6c429634edeef5584cb370310be7210c12b4d,0x54932b923e4e31674da91a162b5f59e728f92e6a,25.427546,2026-01-24 16:58:52.921873,USDT
0xcc9b7db0a936df4ce066dbe2c41d670dc396af4a,0x0ce7fcff1bc48aac80895de5176b667f504437ca,9.096021,2026-01-25 19:59:48.921873,USDT
0x146fbff9603e90e48975e28c25fcebb117fb5c11,0xe7178c9496934dd6214e4e44cae44b2bc378e48f,20.94281,2026-01-26 01:05:57.921873,ETH
0x0a00ed049a877992f127a491dda2a6bef46f22c0,0xf84fdc219b591f5df23b8de64c4b4e5bf1bcf176,9.290393,2026-01-26 01:08:33.921873,ETH
0x4cc5ef7561cec6db7d1c0b45e988aba520f95cd3,0x69a258c022706bf45425ab9b91e35ba37da3cb9f,14.987367,2026-01-27 01:50:27.921873,ETH
0x43f5a009efe60b3709c33d2380df8917f8e79da6,0xda66960a8f78ee6381778df87d0edb69c7482e5d,11.779562,2026-01-27 13:13:47.921873,USDT
0xc3cf4e049f7dfd8f3bce928944bc77afa7ada5b5,0xc9725c6aa2473777602cbb72e20727a46ae3e969,49.911439,2026-01-28 05:32:37.921873,ETH
0x1fdf3c1d6551fc4d3138162e25745c2f3f124423,0xd140a627c0b06a597c23602e7c7e4fde32f3526e,32.432895,2026-01-28 06:07:52.921873,ETH
0x50e6b3e220b3e377fa6892da7b3159ef79ee6615,0x03f73ac59c29fe67d6b02b007adb816394ff69bd,30.985029,2026-01-28 08:05:14.921873,ETH
0xb05b3af8beb6cb8f38a79cb80fd3b8c4139aa8f9,0xc892a3d701675cb8a824e342a82c3175bf30d3cc,30.219426,2026-01-29 15:01:43.921873,USDT
0x6858cd83192711a7c9a439db8867bb691fff95c5,0xf67cbabf4890e7275627933fb9340f96dc3b32f6,8.693781,2026-01-31 05:38:40.921873,USDT
0x3c302de504b3889eb62f519877d29ad45f111727,0x41cde4042ba79ef02ede794910d6e3161f7434e2,24.195173,2026-01-31 07:30:54.921873,ETH
0x1936930a74f5056cbbf9a71ebfdf138962c7660e,0x9faf4e76d14e1f11745fbc1e5359b8eff7a07c2d,7.234838,2025-12-05 22:15:04.921873,ETH
0x3e8f3356acafcf48674d3400f5275f9de5694d87,0x03f73ac59c29fe67d6b02b007adb816394ff69bd,38.954595,2026-01-09 18:39:46.921873,ETH
0x3c8fdfa453de92b9f8e868138f1ed1f189353352,0x349395433974b91a5863d7aded09eafe386cd18c,39.425374,2026-01-11 20:07:04.921873,ETH
0xbbf4c5bd17bbd3ae7b02e1f2c0c4fbbbdd87c297,0x7097eb504dee8841053f22599d05979edac0f73c,33.844591,2025-12-21 18:02:07.921873,USDT
0xbcf0cf59197002a6074cc5b4898fa226ebfe19fd,0x2b391783adb6a5b847a7a9d83080c8e6c6a1012b,7.553647,2026-01-19 11:02:03.921873,ETH
0x3667dba914edc54ae9ff663c85639dcc9c4c24e0,0x11071e17d112b209923b89de94cc9d23f06eab1a,9.00561,2026-01-31 11:27:21.921873,ETH
0x16ec3394a45a9a4ebbaefe05519a0e13175092da,0x94b1a32c2dedd9e77ae6d176f860c24e8cbe9068,19.276365,2025-11-13 17:14:22.921873,ETH
0xde349d0789ee3df8109131cea0343f98804d49ac,0x349395433974b91a5863d7aded09eafe386cd18c,39.225323,2025-12-25 19:42:09.921873,ETH
0xed22f57cbe6db95acd65fb0b84c0263663b8612e,0x189ce7b56625e2bae5eebd27d410379f77f7dc9e,40.309511,2025-12-18 00:04:00.921873,USDT
0xb5b63cfedabcdf7a94c088ab35d7d79199898c02,0xbdfcf958db80c9c50a79aa0bacb147fae2530080,40.978389,2025-11-12 17:25:14.921873,ETH
0x7e7ebc57112bbc5467d36273d729290ce149d5be,0x96a8181757fb2366307e5d39104941f0e044c85d,40.972608,2026-01-11 06:06:51.921873,USDT
0xc8beae33a4f7d16dd9e299ef2e0987dbe168d9ca,0x3bb91c5c9517801fb466adb87edbd47f2cf9872c,40.16473,2025-12-24 12:57:38.921873,ETH
0x2472ec8905e3e540731be1649f856ec8c44d9fc9,0x713d0fead058305b175adbc4150a281c008b2e9f,20.445801,2025-12-29 14:53:57.921873,ETH
0xc4716ab3579dbb5df74c51157843e262704725ed,0x9ec4490d64d186bcb7a6e48e8e2934c2ecb457c3,38.434381,2025-12-23 02:24:51.921873,ETH
0x00e432b7c0816537f9f82cbe0e7a9d365c290bb0,0x4596418434007201301f0a87cb7ebb1bc83fdd0c,25.359066,2025-12-22 21:07:09.921873,ETH
0x7787c3c90987d54021dc7de1229392fa4a060a25,0x5664cbb7e28c1e8cd81b406735fd29dbba6c6baf,3.975457,2025-11-12 07:44:52.921873,ETH
0xd66ece6946bb01d68307b91131fdd2be452e3429,0xb6545fdac550598b0adbe4faf726df54b28ee234,37.034357,2026-01-18 17:54:05.921873,ETH
0x11999244c73cca8c56cf126c0ddd92a49f5b9c62,0xa2184ccc390b373db644cd131a1b1da9178fc446,34.744249,2026-01-02 16:38:10.921873,ETH
0x68ac8ec73928f74c47a15b3f00a63116a02d23fb,0x115d295d2c5980843c1c3afeec6dceb4db545846,18.583635,2025-11-03 06:22:14.921873,ETH
0xa2e4b75e09a65ba9d4642adc912251c66c1f79f5,0x5a3ca9361aecd939c7fde2c96a3e4f9d392b0f4e,16.203277,2025-11-22 14:30:30.921873,ETH
0x70e031efe6ea618a5dc2d08c0ff883c2a4f859b0,0xd9f22610474d23f501ccca1bce9cbbe7c7b3f0a4,30.22606,2025-12-10 14:14:41.921873,USDT
0x19f34e4edf2b1cb202af5e76671c4b251a1db29a,0x5db69a576ba1c0f12939ea0796729b6006365474,40.0,2025-11-10 14:38:30.921873,ETH
0xb609e467b683dc502532c348d61e44ce69da67c7,0x88edfc8f434ddfd8311342ed564fc540208e21e3,48.131672,2025-12-09 17:43:02.921873,ETH
0x5259cc0bc510aad998d7b42e8731945fb5a54cc8,0x403b8a2232ae7f99e2989d7792b5f5d2566da259,7.516288,2025-11-03 00:18:09.921873,ETH
0x59f57b6865f74d7b0a7ee67c987297fa05d7b7fe,0x4ef73e0823bddaa5628a167d9204f62b823a3170,16.217617,2026-01-01 06:22:35.921873,ETH
0x2a9e3c17d30b18194c4e3211044024717fdb744f,0x4acf3940e029d87a6fa5939dd6f1e3873083de28,35.285278,2026-01-18 18:07:05.921873,ETH
0xb1c1d957f7b212563878d9d5b26b86176ba8f409,0x6b08c699ad41223e4816a96ce997fcf7dc4f30ac,12.661317,2026-01-16 10:59:00.921873,ETH
0x2b50833bff55feb97c2433c7a62c81fcd1e1945c,0xef9ad45a789ef802510855c6fb4403fa45f01612,36.964577,2025-12-23 20:31:16.921873,ETH
0x0e5cf82014b5c3c204f8e8e178c49dcb8ce23ed1,0x6c6634255776af4c6cbfe765dbf55c6fdeeb3c7c,45.118415,2025-11-17 16:01:15.921873,ETH
0x2b5b9d8f097beabbf53224322b1a15238faac768,0xa7f1ba944033f47c68fd743e9903fbe563e6ee84,12.23336,2026-01-24 06:35:19.921873,USDT
0xd6679263d84079db411a9c55dae9bac22bbf806d,0x777f980c24f2c0d707a7d9c7a7f6c714879e9d5e,32.45933,2025-11-06 18:38:22.921873,USDT
0x0963aef2d9b3e37dec0d238ee7bed33cc6f11f6c,0xdcacbc33841d5b6a50d7ab82842ea0950303b12d,18.885941,2025-11-24 16:58:03.921873,USDT
0x2a9e3c17d30b18194c4e3211044024717fdb744f,0x3a86f44e410ae0204acf5f0f7f921079edb5ea53,16.449881,2025-11-17 18:46:38.921873,ETH
0x6d998617cec1b5dc5fe758e141a4e4bcef189d56,0x00e432b7c0816537f9f82cbe0e7a9d365c290bb0,38.578494,2026-01-31 12:29:40.921873,ETH
0x6f4142cf176beb3def5432c8c005f9f2aa9f9392,0x667ea53c5e85a4dda053c889b143b3ce6cb5af5b,44.411151,2025-11-06 08:26:20.921873,USDT
0xcd640f19fc375e8d349f5a703038b9a89f82fc16,0x23fc77a439afe9edbfa3d572a915f0e2912c5eb7,17.909438,2025-11-07 06:16:23.921873,ETH
0xef7801c5bd666c226f91b6f3664e0017b526feb9,0x434bc6a190dea7cefd624430a14112f9fdab4c2d,30.481157,2026-01-12 21:02:14.921873,ETH
0xf43e0e1cc46055f56d614e993cb1078f14c94731,0xb6545fdac550598b0adbe4faf726df54b28ee234,28.211609,2025-12-06 22:18:40.921873,ETH
0x342409efcc0f22a4b715c9947049f03efa6e13ea,0x7fd6b7026895ef655f166565bdd84a55f842c2c4,28.4392,2026-01-16 03:18:23.921873,ETH
0xeb1feb5a35913f9365bc2fef039d78216d2475b0,0xe81c006f481c53a1950acb6fecebb9f8ca9780b2,21.549,2026-01-20 12:00:37.921873,ETH
0x19fbc712860c57f9843f3138e16ef0fd930f45bd,0x2cfca172a462f273449b0590696e1b2d0dde6611,44.782937,2025-11-11 12:57:43.921873,ETH
0x581d2a19f1167e80abec7799101cc354b92d29b7,0xa697941988991f67c718e770e87b541c85edb7cc,33.481871,2026-01-22 21:17:33.921873,ETH
0xd329338e0c337bba51f7b3ed97246849bc7a1c3c,0x018ce9b1046bbe1ed88869b13099a3d913e240d1,39.505162,2025-11-26 16:02:26.921873,ETH
0xdf75e24bab9054102b5f4858054909cbe0f89658,0x2522a6422166d1277d2121d247f1699af99b4a2e,44.798195,2025-12-16 01:48:53.921873,ETH
0xf1cdedce6b670b1886273385eb670220b59a9e90,0x165aca58f03574378dc2b3247ad47092ede109c9,1.834699,2025-12-20 01:06:14.921873,ETH
0x267dcd51bc9243d3f910f0ddf72373c7ffafcc34,0x21eaa9e3aab3ae9df4c379bdb07e9ce38895cf2c,38.139745,2026-01-10 12:55:09.921873,ETH
0xc7a64510b737ed698ab15b6b7ece1cfb4797a433,0x2b2616654a17e21efdd7e30b22aae231bcd0bee9,7.015838,2025-12-07 19:58:24.921873,ETH
0xd4d926a5351da45fcffd32c8b529d70fced2a5ce,0x70e031efe6ea618a5dc2d08c0ff883c2a4f859b0,39.568751,2025-11-24 13:12:56.921873,ETH
0x37e029c590486575799646041dad7509345c4629,0xd2af86d7e5da8cffbd96c776d10c800332e7f8cc,2.433093,2026-01-16 20:28:43.921873,ETH
0xd8778542d07726d4c4f3a32a4edf1bb48141ecd5,0xac76e0905bf4197fe63afb4b00f53524c97c5728,10.188632,2025-12-18 15:52:08.921873,ETH
0x716bcfcd89914cb45680513110a2f1bf92214afe,0x51af76412c0432b1797fdc0df7c80798e0e09db5,40.069148,2025-11-09 20:37:52.921873,ETH
0x0a9710a6be37ad9686c27a99264158c160b03b0d,0x0ecec3b8093620963c68eec5b9b3953d617300ee,39.143377,2025-11-12 17:21:19.921873,USDT
0x98eaeabc37e456cc32eb4cab260c6fe05648884f,0x7a22fc5ea15b7a29251ec5f357f7735fc823ccc2,47.238286,2026-01-03 00:41:38.921873,ETH
0xf8a63bda792d10a8b9b681c3091ab056c8aae018,0x2049702460d381fe73c255dd7100a7815dad129c,45.518453,2025-11-12 04:31:37.921873,ETH
0xbc2097dbe1b6d923dd4c7c13b0073908f6376f61,0x0b0fb23154ed27a84fc00ae12786f70727549afd,10.732771,2026-01-30 02:04:41.921873,ETH
0xe8ccf92d18d86407ea1872364d358e56fad3a85b,0x6077e903dcdd6151021be4bc413b809883c397a1,19.760632,2026-01-03 06:28:31.921873,ETH
0x142055c1603e143cfdf51db03f13015f55e65102,0x9510c933d5fcded6f542863ce1f60cde46efe23b,1.794395,2025-11-16 06:30:05.921873,ETH
0xe4915de8bef9cfd0add196efa4a38b80119624d0,0xafc811a26a1607df943f53273edbcbd6522f34a1,11.108487,2025-11-10 08:53:10.921873,ETH
0xf674e312e0d946acae03a0deeb8163760e580d13,0x08bc110d2e2dc14859770c430b1f748e453c8d42,14.951798,2026-01-15 11:42:03.921873,USDT
0xdbf5677dafa7bf64961d331aef54f19c7bdafc26,0xef7f71f47440f796b52735095638c420abdad1e3,33.958405,2025-11-22 11:51:46.921873,ETH
0xa696f3604ccfa3e5a76103aecef619da58976258,0xf73af75581f962baa084c40b83beeed2179e7d87,20.649585,2025-11-16 13:57:01.921873,USDT
0x479ff40a7fefb4e5d024d26b81c9cbd4fc41ce33,0x5c26e2dd8cc93aa4f3f51b113eeab14d14556cf1,6.300649,2025-12-24 10:39:46.921873,USDT
0x470ed84399c660fa10e0599cb0adc690b2ab7e40,0xf4a7a0897c3a029011c6016fa8c4dfefdb1bb7ed,43.47652,2025-12-08 07:54:26.921873,ETH
0x3577d3a779bc35ca52dcd77cb0dcc116755ef60e,0xa500ca6aaa21435ee2179f64f7b09a82668f6cd7,46.168321,2025-11-14 20:24:18.921873,ETH
0x31ffa5c618981bf65c03c66e3235b69253982c54,0xca316d93edc10b6df6d6e76e5ead87118aaf7b66,14.238928,2025-12-03 05:08:50.921873,ETH
0x87ebaadeb5ec345a8c34d39461b99e52bcc4544b,0xc7c8043bdc6565e22d9425f3b0fafee6c33c2db2,15.840011,2025-11-14 14:22:51.921873,ETH
0xdd531956da54879b96680ca0356fd7b10e2e3fa2,0xc41d322dc285eba32c706c58ee2fe315fcd159a6,12.421372,2026-01-13 12:10:03.921873,USDT
0xcc0822a618e62e449f2b706c5df363f1e24b2350,0xda66960a8f78ee6381778df87d0edb69c7482e5d,13.905789,2025-12-17 11:20:03.921873,ETH
0x319afd8a6f468064e8cc98beaefd8953dc169bcf,0x6f3ebcabc2bbc55d6ba8304e8bf20bd602c60f92,4.811827,2025-12-06 12:21:12.921873,USDT
0xda0b71f7df66bd8243fd0d6cc634cf5a80316051,0x31123db09fb9d59a2d00605fd78e264411193532,12.521497,2025-11-22 06:35:04.921873,ETH
0x6539ef8f49ba7b4ced847db37b49e42013e3964a,0x7d7173be792eaa43aef2d2d782366db6f15ccb1c,20.195832,2025-11-15 12:01:52.921873,USDT
0x99d67932e4524e11483d04768eb23056847d1624,0xc67bc9f780b0ada3c64728c7d2e55d1121810126,39.325021,2025-12-08 09:59:10.921873,ETH
0xff7d453659c01c15de9b30f59de3370e121ca220,0x8de24c643067a5609cb30ce0ae3db18cd6e0f9d3,16.122302,2025-12-30 21:20:31.921873,ETH
0x5646a7056c6db3e931477bb271b90b5ee43684d9,0xf6372eee7b534fc822e1aa7610429fbc92b5e50a,38.115653,2025-11-23 16:55:31.921873,ETH
0x467d1580459ecf59812f238ca9b93b43e75e3c04,0x6c2f21ef84ac462c9f4531e3fc320c7416cedd0b,29.146136,2025-12-21 23:19:49.921873,ETH
0x5211a1b339bb1bc73f4558f6ba31a08b67e4c443,0x94670bf8ac0b78499675ecce8f470ae60e7f3b94,11.281482,2026-01-09 04:15:17.921873,ETH
0x9e7722f00b2c924e70a67e587fd78bf52f0ed1d7,0xcb710f0a872e8e3deed4c6b3c44d66295840213b,42.112673,2025-11-22 17:27:43.921873,USDT
0xdab7232f9bb170da11a447b54d948f6ce155a7d8,0x349395433974b91a5863d7aded09eafe386cd18c,39.191206,2025-11-10 15:14:30.921873,ETH
0x5ba63b94787c54736bc1699a615e8fbef43a9b29,0x4086679f2778b4c3f283ed5288af35b2033d7d2b,12.24199,2025-12-29 13:28:58.921873,ETH
0x3a49472db3ebd7ecf338db6306b7d0fe7f72e19c,0x389804f03afa3a5b172222f901276734867e48ee,8.791654,2026-01-09 00:21:43.921873,USDT
0x42bf4e74e7e7be941b3c0f13bfc6c4e18a933d26,0xc6b066ab2031a661bf3d4f1b469972c3de2bbc92,21.872438,2026-01-19 03:12:57.921873,USDT
0x04c6428be3bc85c6049b7a5d1f7612fde054254d,0x9bb6ef7b9a8118499a931d028a7e0ca5d6a90b9e,22.70019,2026-01-03 10:27:48.921873,ETH
0xef6d538e0eeeca82f328a0e604bb069bfc14463c,0x22cde1ca1ee6f8d91b37a5d3b908f908c395542b,20.338952,2026-01-26 00:22:21.921873,ETH
0x4af316ac30d9792004ea9292087d51a20dff57eb,0xb552abb454d2e7bcb204df1a9dc48e61487bf10d,17.709276,2025-12-18 20:23:03.921873,ETH
0xbbb4239ff15ad044cb1688f8f1d0eeb394ad2dba,0xa4ada5cb97db189ca73a75e2fbb47c8771d330ec,36.619284,2025-12-29 04:03:49.921873,USDT
0x50f60c7606add387e50562ccf189530559186842,0x0963aef2d9b3e37dec0d238ee7bed33cc6f11f6c,38.187208,2025-12-27 08:14:33.921873,ETH
0xdb9b4da0d2bd955af7628b3d806b6186ee6d9f87,0x63e31cd55a793e6ba7d017d81af71bae24870e7a,11.268056,2025-11-03 22:37:55.921873,ETH
0xed50326e38aadce363490cdccff7971a14cee6c0,0xfed2bcfe227cac1dc585f216e0b72b14fb7ff842,18.607309,2026-01-04 05:38:49.921873,ETH
0xc6f7965c354d334276a81e7da2f25d4d067e3a8b,0x5d71a018055748cafcefef4c1baff3d99fcf99f3,25.460203,2026-01-28 02:26:38.921873,ETH
0xb5540dc3adbcb6b144aadcd2625828368dc794cc,0xdc3da0e08d685d8e024f066d90512c5c706ae313,3.239305,2025-11-12 05:33:06.921873,ETH
0xab4e1b65e8e1e253206b395cd38032940f07f983,0x3d29037281137e02519ea47a08f751acfc6db986,44.943211,2025-12-21 08:31:26.921873,ETH
0x0b48a2b1fda19c6e59948064a0eaf580bf56a7bf,0x8665f0c6ebd7eb3d404300067ff243dcf282098a,31.174978,2025-11-29 16:02:27.921873,ETH
0xf953e315f4fae1d2c16180eb638ff09b7218ddba,0xa20a798b2aeb6a44d0cb392976498aa14f7044b7,38.467296,2026-01-20 16:58:48.921873,USDT
0x7e314373496e45b3cf30a0a04b2b2c148e2ac007,0xc21c86b9a8e92f3c38e7d05261310d1371860354,13.204391,2026-01-19 15:15:43.921873,ETH
0x1301c3e8bfe22d08cf879420303b72293a2328d1,0x5bb45a692c6b088f1b4252f51364e3a66cc3921d,18.97036,2025-12-06 09:56:37.921873,USDT
0x87ebaadeb5ec345a8c34d39461b99e52bcc4544b,0x87ae07692c13331395f9a56e5e9cb11e1f7ec378,31.68513,2025-11-03 04:08:50.921873,USDT
0x17cc8fd68de08ceac10f5110a3ba3f53c364a53b,0x655b6eb872ad9deb46384ddefdc2e8043017eef8,42.316939,2025-11-08 16:15:45.921873,ETH
0x1a56b73e6ec6af447b4054c58252abb11af32cc2,0x2051b3f7785ed1253e7afe1c43e89115a9bbdf70,25.452043,2025-12-16 20:34:09.921873,USDT
0x6222fd8a64549fed6d819dad4ca34a9974cc03ff,0xdafddd030241994354d8150c8cdeb4425a9bea72,28.42264,2025-11-08 13:52:52.921873,ETH
0x3108401d07fc8f38d091a5a413140ed601a96862,0xa2e4b75e09a65ba9d4642adc912251c66c1f79f5,11.978576,2025-11-22 23:49:41.921873,USDT
0x3a49472db3ebd7ecf338db6306b7d0fe7f72e19c,0x09295456afe871b4529a7ea671da349bcaec1422,10.818453,2025-11-13 22:35:30.921873,ETH
0x0d040b13faef766c16a09f087b1b8281854d9eaa,0x54793f97001ef6fd394f71dd4f1efc28a974584f,40.0,2025-12-23 11:00:45.921873,ETH
0x80f9555bb4507b984fba2e6ec7c313fcf32b3145,0x115d295d2c5980843c1c3afeec6dceb4db545846,33.26074,2025-12-24 22:56:23.921873,USDT
0xdc0ccee1dd7436ddbb07817755e7a10f66f317d1,0xeef33ba89a63699f32e84746d8a10a96ded61920,38.746413,2025-11-16 23:25:37.921873,ETH
0x54932b923e4e31674da91a162b5f59e728f92e6a,0xbf30224b3ee52add2bfdd90ae2749ddf76ea1c3b,23.569766,2025-11-13 18:04:39.921873,ETH
0xeac0db5ab23b5c6614f4851173d1acf1aa336812,0x408947e5b0a16b1805447d4db897ad7955f97f4c,26.698058,2025-12-24 22:54:46.921873,ETH
0x887faa4a599774ff26b3928861d137337f558052,0x8bc397d4341bc61223c06741fce946ffb4ceb49b,35.219406,2026-01-05 00:03:36.921873,USDT
0x57364cb395d4894791aa98efd8dc9b1571fce248,0xc08af37a00815e3c3a3a4b4ee9d12b6e0f59c26a,18.819572,2026-01-24 01:41:07.921873,ETH
0x55a9433432f85a055580bce3fa1ff92cf6ada367,0x9fc16c7e08585280edfaa31654fff9b3abc3a44c,32.562569,2025-11-10 07:26:01.921873,ETH
0xb1cebb2e7c9a9c0dae4c0bed5a80a352d30069bb,0xe7d319288330f094eba775b28d180426d32d9a5f,25.888385,2025-12-12 07:34:41.921873,ETH
0x9e7722f00b2c924e70a67e587fd78bf52f0ed1d7,0x2ac77ba181576ca586c18ead0e828f11641213e5,43.023857,2025-12-26 04:55:54.921873,USDT
0x7a8b353e42bb80e03cba544fce3a7709eb176171,0x9ddf2e0d2821407b319f15c7d6758bbbd7bb923f,3.503747,2026-01-05 20:12:40.921873,USDT
0x9117b23fd7fc36b51618cd8a8c5d10f131c84dfc,0x04c6428be3bc85c6049b7a5d1f7612fde054254d,32.175383,2025-12-19 11:09:48.921873,ETH
0x8bc397d4341bc61223c06741fce946ffb4ceb49b,0x349395433974b91a5863d7aded09eafe386cd18c,38.981381,2025-11-10 18:52:18.921873,ETH
0x55a9433432f85a055580bce3fa1ff92cf6ada367,0xa79f29a27e1dd7d1a4df530920feb6fd0aace5b7,3.277671,2025-12-05 19:18:20.921873,ETH
0xa85169a27f7255fec181ef0fc1c7532775d3c5f0,0xeef33ba89a63699f32e84746d8a10a96ded61920,40.0,2025-12-23 20:32:59.921873,ETH
0x3dfb2125abedc91a9d56b137456b57f6d871475e,0x6f9b6b92dfca9832dad1139119f97bc4270182a7,34.587084,2025-11-17 03:28:34.921873,ETH
0x42389623797609771b311876c7e0f4e59eccf27e,0xab63a660444ba4c70a036ec75c60f16a18121baf,37.477199,2025-11-19 14:10:26.921873,ETH
0x825591467abac7bc85ec0c57bd85dd0c5c909da6,0xc50495d1bc6eadf7d76059a4fc631c5c9de92dbc,33.609244,2026-01-19 00:34:55.921873,ETH
0x4b4771c2c9389977d2574a2f39f3f9fb5b58412d,0xff7d453659c01c15de9b30f59de3370e121ca220,30.415426,2025-12-07 23:01:54.921873,USDT
0x6260fb862edb49a5bebc7ab866a78a4093f6a454,0xf8b8b3f8c8c3944576eb9273f2fe094dc01dc61a,44.676028,2025-12-01 07:58:20.921873,ETH
0x84bb4f7fadda6ed8296ddbc273d7625a254a6a29,0x956fadd25269457645bcd4bde5f9e397e138d7f8,23.910432,2025-11-17 13:15:30.921873,ETH
0x87040482374e6cb337d92ee582665a3845cb778c,0x281c7d0b2719a5e4639bcfe81e024082be104439,37.072751,2025-11-25 10:27:23.921873,ETH
0xf708b89198170a157801cf20618c5d7238b7b62f,0xbf38c686c24c2ad2117384fefb31a38aa7120fd8,1.689328,2025-12-08 12:02:13.921873,USDT
0x80b6b199a1625d5bb15e62ce8a13ffe179f011b3,0x03776bd452bdcff9dc12778527063872aaf3514f,10.090034,2025-12-29 17:03:41.921873,ETH
0x78681890eafc915763b8fe739d65c8163b72426c,0x657929a863051c28974837dbe96238956245da19,4.82422,2026-01-11 14:12:10.921873,ETH
0xf8eb420eab67e591b461aad9bfb12b5bdcfd473d,0x5259cc0bc510aad998d7b42e8731945fb5a54cc8,42.201142,2025-12-04 04:59:26.921873,ETH
0xeb539ba25b8dfb69f8d2651468895b813418cf1d,0xe48fdcbc19c8ca5d77c2986de7940b12ce7b4b4f,45.334332,2025-12-11 10:25:29.921873,ETH
0xadd095b153c3625f3084d6706d3b01c6c437427a,0x3b1886d68c1dc96c138566ef1096d17c7f33154e,29.116886,2026-01-05 10:16:17.921873,ETH
0xbbf4c5bd17bbd3ae7b02e1f2c0c4fbbbdd87c297,0x55d135311a7909a1499876192aa10b23d86f1b66,44.285963,2025-12-19 10:53:51.921873,ETH
0xf86a415e3fff05d1e26b4620ca33ab8bdbdfb164,0x59f57b6865f74d7b0a7ee67c987297fa05d7b7fe,16.511729,2026-01-05 05:42:13.921873,ETH
0x816556099a6b5533d8acdb8621b39a94bc69cbab,0x6b30bce4411ce07c486c1ce9d4b21011cd6f1aae,45.573788,2025-12-11 05:07:28.921873,USDT
0x6c590b768290567da9ef1c8d60a01eca66b9d9df,0xb21d3f43324eb56e92365508880a542ed414f138,0.930884,2025-11-18 01:02:01.921873,ETH
0x0d040b13faef766c16a09f087b1b8281854d9eaa,0x5864607aab9dd4dc2dbf2b61ada7c374d7f00550,30.209909,2025-12-09 23:29:50.921873,USDT
0x8cd6abce0ab194aadb4376136525e92c50b417a9,0x8ce6c54e7c7d17e629b204c81331a936030b3611,41.635871,2025-12-04 12:35:07.921873,ETH
0xd83fb8d5ad7e0220adb97d92972a065cac4770a8,0x8f45e7769f44756069aa72eb640a3c736b456768,25.595612,2025-12-22 03:14:50.921873,ETH
0xb37c2b07dd356e8f3654211bd6760658ad642248,0x1c8fd17836f50998f41f6dfe652e009c5bfa5aa4,7.187679,2025-12-09 04:25:46.921873,ETH
0x37ed98fd19ae94a3f461123203541d454f15b044,0x8865a1ace9425bb28b4228e85297699cf90f19b3,19.194186,2025-11-02 18:47:18.921873,ETH
0x10aaf3eb61bb649113ec181e4a7b1ad1ae9d65d7,0x002b0aedee28f11fb23561b8ff2a56be622d6126,10.852965,2025-11-09 06:56:22.921873,ETH
0x20064656148f5fda7db3d0973e34a14c5b0cd7d8,0xbe029cbe48804bed38c0f5c383ebfe36ac5bdca7,13.284426,2026-01-02 10:41:40.921873,ETH
0x9a8419fb107836031d33947a3e49ec1b513fca6b,0x7ed41d1601f4b3d9a48fcf7f2b010470acabc3d5,20.211912,2025-11-07 08:24:55.921873,ETH
0x06a2e122ce61819a7554142520b9e931abd8b6ab,0xa25f81aa8f21df5dcb71342e69d6ca74122ded53,33.831545,2026-01-04 06:29:00.921873,ETH
0xc2ec6dcba672fab18156e60ce02a7209738829bb,0x6f3ebcabc2bbc55d6ba8304e8bf20bd602c60f92,32.550238,2026-01-16 13:46:56.921873,ETH
0x3b1fa450f51342d38c23e7032506aa2a8b5e4674,0xdd0ad66f94076591ba3f388cbcd8e4749a1ab515,41.64147,2025-12-16 17:58:21.921873,ETH
0x834bd23bce86db9455a31ee3dbddd10009d2882f,0xd83fb8d5ad7e0220adb97d92972a065cac4770a8,32.077738,2025-11-21 02:16:02.921873,ETH
0xb10fd029b8f1e959815ab7cb2ff6e29150abf428,0x4f1cd1950935f85648984fcfbf0b4a1a9f3809c9,16.072198,2025-11-22 18:22:25.921873,ETH
0x9e43cabba24e3ac1036d3dc8321a640608798779,0x2347ca71e536ef1bb0088bf202f993596876dc06,14.883535,2025-11-30 18:02:38.921873,ETH
0x4b78b67ee2720a583a1fcc9a2b0ad12dbf62929a,0x8a8c18139fa94f7354a72efb06505159408076b0,27.545084,2025-11-23 20:34:27.921873,USDT
0x0865d808bf928b8d2f0bb515eede4131a3e9272d,0x16ec3394a45a9a4ebbaefe05519a0e13175092da,25.787597,2026-01-13 01:42:49.921873,ETH
0x442cead775ab202c65270bb4bb518f0c648338f6,0xb19c926632d8604daaea3ba5b9a83dfc0ab87d8f,12.013415,2025-11-02 16:40:39.921873,USDT
0x75d8a4f7ab681bbfd711f26dde6650da220baa03,0xacc55321ee5980ba9507fcb95d1e8c8e8e293ae8,25.446322,2025-11-11 15:27:32.921873,ETH
0x1f38d20019a7b1a8bace180af0ae25b7ac0ca100,0xeb539ba25b8dfb69f8d2651468895b813418cf1d,47.669266,2025-11-17 22:20:12.921873,USDT
0x8356adbbd07ea55a5904a508a5bff580b0a74499,0x8787b5d7ddc180ad912f13a7110573ada0a3fe69,4.79483,2025-12-21 12:07:13.921873,ETH
0xd57cdeebc9156d047333d52af616fd7d617dc293,0x17e19d84cae0512123a376237075074666a9cb58,16.626558,2025-12-08 14:06:20.921873,USDT
0x121fcc27c6c8a03d095d45c108a41665abcdc1b5,0x7dfa628803101a8e855a64a2203b239142bf3d9d,38.094262,2025-12-23 11:22:11.921873,USDT
0xeeb391ea5f14204807e6f3d8959073addd9ac6af,0x15cd78413f59b8f9e493e3dcc0c34eae74f599dd,29.530022,2025-12-27 01:22:00.921873,ETH
0x165aca58f03574378dc2b3247ad47092ede109c9,0x17e19d84cae0512123a376237075074666a9cb58,36.299953,2025-11-15 01:28:44.921873,ETH
0x6a24adb2f8488c65b9173f9eec334632eccc37ed,0x0bdf9cc5df6dfb92b85851534a690b829bc59678,36.845953,2026-01-08 18:16:38.921873,ETH
0xcbc3b895bc88a776e6a519234a8b38baa5dda2c2,0x9fe196cc79065bb94e4882973a383cc9e8ec41cf,34.306039,2026-01-10 09:23:31.921873,ETH
0x97666d252dab54b7040fbec42a76aff9152958df,0x39e2705e75f31d9d9d3e12619b4727d84268284f,36.105088,2025-12-03 19:30:13.921873,ETH
0x1deccee6ec5112cbfb7336f90eb02f113366eb12,0x9fe47bb1995e8e8ca3202277361839d83a66dacd,22.073927,2025-11-04 14:44:24.921873,ETH
0x4c86c2ed82b1d071aaddfae713818ea57e534a5e,0x5e0605c338ee79ce22ba1bc53664fc450701cfd6,28.669503,2025-11-29 18:34:25.921873,ETH
0x9619c683589758896206229acf6bfcf286445c66,0xf98014c52b378c7b49a7790838cefa69c9f86a57,45.75936,2025-12-08 12:34:50.921873,ETH
0x8cd6abce0ab194aadb4376136525e92c50b417a9,0x9fd87a06d3d392f88156b9c48443b93676090b10,24.129888,2025-11-25 08:19:19.921873,ETH
0xd5f06cc2c982d6aa0d9f5383b4c622b27e3f73c9,0x349395433974b91a5863d7aded09eafe386cd18c,38.930782,2026-01-11 19:59:04.921873,ETH
0x6f9b6b92dfca9832dad1139119f97bc4270182a7,0x3da81757707c660c2bec7beafef26d14461d42e3,30.781387,2025-11-29 09:27:05.921873,ETH
0x622bbe7c614f7dd9e0d3e43db89b085da5774b2a,0xdffeff31e615cba0daed7857f66b0ca69edd074f,10.880493,2026-01-09 08:27:53.921873,ETH
0x71cc94256add2426242d65de6a919def15c6367d,0xca202273a8a3848f55eaeeffd607f6e4d82fec66,27.41462,2025-11-11 19:48:52.921873,ETH
0xdc897743a80ed317af31531ad6388397f5220b89,0x5d71a018055748cafcefef4c1baff3d99fcf99f3,26.115589,2026-01-22 10:14:56.921873,ETH
0x0b48a2b1fda19c6e59948064a0eaf580bf56a7bf,0x21944c788b79faf653c9bfeeda0b964cdbc10ff7,18.309274,2025-12-24 00:58:31.921873,ETH
0xfd868741661c889df6b1b931b3b32f0153e30fea,0xba56a14805ed7d0498610832c74afea9fc33d3e9,4.65613,2025-12-09 06:34:02.921873,ETH
0x2b2616654a17e21efdd7e30b22aae231bcd0bee9,0x349395433974b91a5863d7aded09eafe386cd18c,39.043607,2026-01-11 20:33:04.921873,ETH
0x4f4961122dc0ce848200e643c97bb92e51840d12,0xd2a81b48e2c87e24eab5bf99bebe63d1a077b5d4,40.0,2026-01-17 18:24:41.921873,ETH
0x0d040b13faef766c16a09f087b1b8281854d9eaa,0x44193d7d28362143c3af144305f6a82bf72026eb,40.0,2025-12-23 11:00:45.921873,ETH
0x3659dbb9be1a3c36233e36a05a3ba644b4ceaa8a,0xa697941988991f67c718e770e87b541c85edb7cc,3.894129,2025-11-05 23:09:07.921873,ETH
0xfaf9c1d049c5a8e5942da4a2f5e033428ba2f6df,0xcbed6b88a10297e1042e1077a5792c532581ec54,36.655357,2026-01-09 14:59:31.921873,USDT
0x0d99dec44a29bff0c59ba98ffb84140852560bf7,0x43b15f5cabfb69916f550fb1f1db222dda1bd78d,43.131089,2025-12-12 05:51:44.921873,ETH
0x2b066113c340aeaf3dc4a32b11555b5792ae5887,0xc1dc4047caaa30d02fdafa1e0cbb12219d6d6fe1,14.286416,2026-01-30 11:07:25.921873,ETH
0x6de5a46e54010af6e789c752e3f60596619d8dfc,0x10006452ea2b5b14cba7b2a0e54de7ce2e5cda20,29.708274,2025-11-08 16:17:25.921873,ETH
0xc541fb0df3f18d0b6d641edef3a2b65dbcbefd33,0x4bf43d443d7f0177693201499aa9717e0d5d8b07,14.435881,2025-12-25 00:59:34.921873,ETH
0xeb28740ba840d0c1b5f2f009ae026b0995de97c7,0xed22f57cbe6db95acd65fb0b84c0263663b8612e,30.140348,2026-01-12 11:59:01.921873,ETH
0xafc811a26a1607df943f53273edbcbd6522f34a1,0x2793e0cd0517217d4a1be8bf4a0e5292b43664ca,36.763267,2025-12-14 02:10:48.921873,ETH
0x7b66512aaec92b340898c6560c8e87558373fa46,0x7122c21b09ceb2b803bba74184a49363fdf900ba,12.255637,2025-12-08 09:36:01.921873,ETH
0xddc900781801b9dba64c11dfef76311e7602d671,0x8cd6abce0ab194aadb4376136525e92c50b417a9,33.479758,2025-12-06 01:26:28.921873,ETH
0x2a82f4323c90d5ca7f29d8eb10c5a99a961bae6c,0x4f6c17def974b77993d4bac883393d419434fc6b,16.386951,2026-01-13 14:04:26.921873,USDT
0x61907a104cf5da0165f20f9e28ad0eb72f686b7d,0xfed7bdf79e2b0f9abe1af309c693d87c5c76f6cc,25.926941,2025-11-30 15:07:24.921873,ETH
0xb71a4fed19a11c0527290ab33ef8c8031c1a33a1,0xff8a3400a2ca2b1af9eb51528eb79b46e7051ccf,38.388932,2025-12-03 23:38:24.921873,USDT
0xc471712b51281b93d0a1fdc8ee72001e47cbb6d9,0x4dccd60f45d21e7fc19355fbf48c053fcebdd07b,9.094363,2026-01-27 18:35:22.921873,ETH
0x45c22c297a77b3bd51a2ede0f3b96066f1892956,0x9a41c3b3efbfc0ef6f5c3f0af96287cf9ac178d9,0.837348,2026-01-01 06:53:34.921873,ETH
0xcb7b42db923f877debf12e0a17c501907d1b4dae,0x1cb16bf607f66331f5febfc0f6ab3378ca3104ec,14.032025,2025-11-10 23:24:41.921873,ETH
0xd8324b8c638c98c9ff2a1ff126c706284b983279,0x49977bd8992e21e131d4d87452e654e4412790f9,23.991082,2026-01-18 14:07:30.921873,USDT
0xecf5cb0d0c933c85031497d5cf115300979a2602,0xcf07f2beee21d1b753037863683c4152343f8b7b,19.486233,2025-12-20 21:33:13.921873,ETH
0xdc2ecb69eea59080469b9cbb2df9aba3dcec5022,0xe176905f997121294d6a9625a48f76f6f0f09769,8.405566,2025-12-03 18:02:57.921873,USDT
0xc6f49930ab2ec290fe4e3c6813a29790d1839500,0x3f472d6f4c2301f80852ae38b989d9e5534a2bc1,22.377048,2025-12-04 22:47:20.921873,ETH
0x716bcfcd89914cb45680513110a2f1bf92214afe,0x8e7a4e63b0883647011bb2c26d6e3f1f532b213d,13.1059,2025-12-26 19:15:08.921873,USDT
0x5d71a018055748cafcefef4c1baff3d99fcf99f3,0x764b49ee67d45db48ec0d2a484270418f7c0e515,18.135722,2025-11-11 23:25:36.921873,ETH
0xc6f49930ab2ec290fe4e3c6813a29790d1839500,0x02b4106852f2389592bb7cfe492322d4bdbcf8e9,28.336909,2025-11-09 21:58:44.921873,USDT
0x243cba89ffa04ce4e4504a429aa4d92a9c679913,0x704665dddd2030a74e6463051d6e2a6881d87115,26.930431,2026-01-26 21:48:07.921873,ETH
0x3c8fdfa453de92b9f8e868138f1ed1f189353352,0xaf9d6b2a759b3cb0798f7d872d8a7f551b3d047c,25.185647,2025-12-26 11:50:31.921873,ETH
0x08d23f302c4e18da2507744db89fd163f5f52a9b,0x0865d808bf928b8d2f0bb515eede4131a3e9272d,14.900078,2025-12-15 11:55:58.921873,USDT
0x479ff40a7fefb4e5d024d26b81c9cbd4fc41ce33,0x1158c17cef49f0772cf26386782ffa95f11efddb,19.811583,2025-11-22 01:58:37.921873,ETH
0x78681890eafc915763b8fe739d65c8163b72426c,0xc1bab7779697da3b2aa1340820e1e49ab0999741,41.505158,2026-01-15 10:39:33.921873,ETH
0xfddb547dac3c7768bacad69e501f89ef00c38158,0x80188c9305cf9b3a9db1619005f8f53b5daf2f87,28.287408,2025-12-20 18:40:27.921873,USDT
0xd694c38b669863563bdb287cee73b3880cc2889d,0x1636e5d6f53cb321142b59c2b344f6217a7c92d9,9.113013,2025-12-30 17:40:05.921873,USDT
0x91f8aaf9ee12a1323087f8a84aa32056d37814eb,0x558e6c8ead171c8cde7c125fd814806469b23720,33.660424,2025-12-12 23:14:51.921873,ETH
0x907749c02b5d6102cadcf3dfb762633a4b280145,0xe2174aac21850fef9da6be2d1b3033d6eac26a20,7.463751,2025-12-24 07:47:33.921873,USDT
0xc50495d1bc6eadf7d76059a4fc631c5c9de92dbc,0xf90c40c4cda289533b91e02d7150e5a05ef66e94,13.533567,2026-01-30 02:17:42.921873,ETH
0xb7d9f2dcbe9f6c6c8989b15826e2b67ce83eeff4,0x52e43aa27de0a0015af0d379c5bd11e24694437b,3.167388,2026-01-09 22:40:05.921873,ETH
0x558e6c8ead171c8cde7c125fd814806469b23720,0xd7603415728ecbca63b935960de501a4af27cc82,19.240538,2025-11-20 11:24:11.921873,ETH
0x71b4b90840b0557c86b2c058d65a5f2d2fd67558,0xc3cf4e049f7dfd8f3bce928944bc77afa7ada5b5,15.19745,2025-12-09 11:28:52.921873,ETH
0x1c8fd17836f50998f41f6dfe652e009c5bfa5aa4,0x4b93803bc5e208cb290f967352c5434a42d737bd,32.784922,2025-11-13 02:08:08.921873,ETH
0xf953e315f4fae1d2c16180eb638ff09b7218ddba,0x24be9eb35ad4770fea17dc941d7cf3f64cda1499,33.531298,2025-11-05 11:27:30.921873,USDT
0xeef33ba89a63699f32e84746d8a10a96ded61920,0x349395433974b91a5863d7aded09eafe386cd18c,38.906763,2025-12-23 21:21:59.921873,ETH
0x6222fd8a64549fed6d819dad4ca34a9974cc03ff,0x5c39cdfa0abc8172ac358403134cc5c830e817c5,17.142206,2025-12-26 23:06:26.921873,ETH
0x861bb06219eef606ec3874f6be2c681b5e1f126f,0x4c4851566bd50a7cbea4e91336854c2aef7bec4d,4.335912,2026-01-15 22:40:48.921873,USDT
0x1b5033637291f1d8a4ced9850f56bc959827d3c5,0x429111f399c127d170c420a1f37aff7c5a5bc464,49.493226,2026-01-02 21:53:31.921873,ETH
0x3035f23f7316526d3e76ce1d27d98ffc915d004e,0xf674e312e0d946acae03a0deeb8163760e580d13,37.681433,2025-12-30 23:25:41.921873,ETH
0xb80375967a76508c203488fa70ffb2f4363ed394,0xabbe2beedd7a66df9c5c78f0f77d456e2cca05c0,5.945529,2026-01-13 13:34:39.921873,USDT
0x0b1c2f5b3e677e7e9ad879dd72cb62381c761216,0xe96399f8ec70e5e321fe553dcf06532d027dc3e7,43.859349,2025-11-03 04:43:36.921873,ETH
0xc896f0b6961fb44eb616e1b22129d4dcc68de002,0x84ba1ec59704b45a2feadfd581a2acc76b0b84f0,10.71972,2025-12-10 18:14:57.921873,ETH
0x2522a6422166d1277d2121d247f1699af99b4a2e,0xe6e37c407139edecfc3fdd6d084fe330629b8ae7,32.508511,2025-11-17 06:31:49.921873,ETH
0xd2a81b48e2c87e24eab5bf99bebe63d1a077b5d4,0x1132abf5f8e3c8c2940c687366d462c187e196af,22.672379,2026-01-19 19:10:28.921873,ETH
0xc892a3d701675cb8a824e342a82c3175bf30d3cc,0x58c8a672790b1fce036475185f904c9905584371,7.435569,2026-01-20 01:53:28.921873,ETH
0x7690a6a7760247c2562735f453a4f16c7fa9ad95,0x1b5033637291f1d8a4ced9850f56bc959827d3c5,37.123319,2025-12-06 23:42:09.921873,ETH
0x6267b89f85f44d333d9fc49e0f0f0ab0e9248973,0x888667a11d0032544312b0822d68b2475f5b2ad8,7.965277,2025-12-01 20:58:24.921873,ETH
0x8af66cae9c5778e2e44e7a0d5284cee853ba70d4,0xac0be9fb5ad53b53adc5a16abea7b1eb897409f8,48.461154,2026-01-14 19:56:25.921873,ETH
0x19e0ca4d39cae28c6e70642c84ca6ce17a61c143,0x54793f97001ef6fd394f71dd4f1efc28a974584f,16.780589,2025-11-15 23:13:01.921873,ETH
0xcc4a320d744ec5633980c627771f0023c0a4a077,0x043d50f999d9cfafc4181ba67caff6c647ce9421,34.34781,2025-11-29 13:32:37.921873,ETH
0x0f67f6cdb1df02e00e61040cdf3d8d8ec124126e,0x4f1cd1950935f85648984fcfbf0b4a1a9f3809c9,31.554429,2026-01-17 08:23:34.921873,ETH
0x0d928a7a57a952ecf5554c8695bf4f5c06b2d11d,0x984eb1d80c5ace74fbd1f49af1892fc68a5a2e52,26.699542,2026-01-30 02:14:15.921873,ETH
0xf29ba36125847951b89da612001056aa2d36ae48,0x3a04f3613d57bf3e896be0f7aa997351cff18d25,11.167842,2025-11-23 20:45:41.921873,ETH
0xeef33ba89a63699f32e84746d8a10a96ded61920,0x7f6488ce87148d1e2419ac3412afd56fcd7a399b,17.378133,2025-11-17 19:59:15.921873,USDT
0xb02a6f56f95070541053d58fdfc187647bb46797,0x0be39ef183b90701de068c05acd380cbf84a6d61,30.166474,2025-11-23 11:45:42.921873,ETH
0xf741baa48223a355cf7a8fab3de36846e96d847f,0x9d2ffd7264b08a4d977dcb5009932fc9515e6709,32.580854,2025-12-31 13:17:14.921873,ETH
0x442cead775ab202c65270bb4bb518f0c648338f6,0x822c079a50e46e1a9507c258a9d8539fd8532143,14.987333,2026-01-26 19:44:20.921873,ETH
0x408f512e2e2501153fb05b3ddae34d4d65d5b969,0x56baae5fa0eae52929e959c49d478be35c9129dd,46.783619,2026-01-07 14:32:42.921873,USDT
0xd553b32b4151a7106f1dd5429be66c6435a66cb6,0x87b173a1d6ab4d4d6e8ee016a7015ed58be25b64,43.873275,2025-11-04 04:03:20.921873,ETH
0xfb84452b902d29b9f8eff9f5469ff351534c6131,0xa3914452c06bde6b2a9f3223d53094f33992cd7a,24.19509,2025-11-19 12:37:06.921873,ETH
0x20d86d80c0fd1de92e665f8f47ce5c938a4098f3,0xb1d5e3e0f14ea63ae5123f5f873ee0e984882304,39.086137,2025-12-01 11:46:54.921873,ETH
0x10aaf3eb61bb649113ec181e4a7b1ad1ae9d65d7,0x9a4f2ded8415706caff6712db085d3276567b71f,22.012177,2026-01-28 10:46:43.921873,ETH
0x3da81757707c660c2bec7beafef26d14461d42e3,0x2256fa1e95a4e6e5cbdd8f547ae3d85b47a5475d,36.078928,2025-11-13 23:07:01.921873,ETH
0x5052bddd46e4c30291b0456638dbd450ad0654c7,0x095b8bcb565529d7a93c15dfdaf17be8de10b093,45.679379,2026-01-24 22:02:51.921873,ETH
0x10006452ea2b5b14cba7b2a0e54de7ce2e5cda20,0x80292a47c3e8c4fc212d905ee40c673b422e6b78,10.930692,2025-12-25 12:16:15.921873,ETH
0x3ffa72fc0e638bfd52ab961891901573ba767a85,0x904425daa96dca49b28b7e157cb47eba309d7021,49.633058,2025-11-21 13:25:32.921873,ETH
0x3667dba914edc54ae9ff663c85639dcc9c4c24e0,0x740b1e00aeb830dfb4ffe3e16c01d11c4662220a,42.518107,2025-12-07 00:39:08.921873,USDT
0x0b715ead04e7559f813f4453788813f496895c31,0x75657345a2d31dd6fe49aa79a2feb0f22ff80a64,37.708132,2025-12-11 04:30:02.921873,ETH
0xba9dca5f031df708f267deb09b60d482208102bf,0xf2bd45ab1b37b701a0423448d87c9e1038e42533,6.120361,2026-01-22 16:43:13.921873,USDT
